lp,kto,ord,kompozytor,dyrygent,orkiestra,soliści,co,data nagrania,data wydania,wytwórnia,część,uwagi,typ,genre,medium
1303,Martha Argerich,Argerich Martha,"Czajkowski, Schumann",Kazimierz Kord,OSFN,Martha Argerich,"Czajkowski, 1 koncert fortepianowy b-moll op.23; Schumann, Koncert Fortepianowy a-moll op.54; bisy (Bach, Chopin, Scarlatti, Ginastera)",1979/80,1996,CD Accord (Polskie Nagrania),,,klasyka,classics,CD
1304,Martha Argerich,Argerich Martha,"Rachmaninoff, Czajkowski",,,Martha Argerich,"Rachmaninoff 3, Czajkowski 1",1980.82,1995,Philips,,,klasyka,classics,CD
1305,Martha Argerich,Argerich Martha,various,,,Martha Argerich,Martha Argerich and friends - live from Lugano 2010,,2011,EMI,1,,klasyka,classics,CD
1306,Martha Argerich,Argerich Martha,various,,,Martha Argerich,Martha Argerich and friends - live from Lugano 2010,,2011,EMI,2,,klasyka,classics,CD
1307,Martha Argerich,Argerich Martha,various,,,Martha Argerich,Martha Argerich and friends - live from Lugano 2010,,2011,EMI,3,,klasyka,classics,CD
1308,Jan Sebastian Bach,Bach Jan Sebastian,Francesco Tristano,,,,BachCage,,2011,Deutsche Grammophon,,Monika,klasyka,classics,CD
1309,Jan Sebastian Bach,Bach Jan Sebastian,Jan Sebastian Bach,,,Karl Richter,Msza h-moll BWV 232,1962,1999,DG-Polydor,1,,klasyka,classics,CD
1310,Jan Sebastian Bach,Bach Jan Sebastian,Jan Sebastian Bach,,,Karl Richter,Msza h-moll BWV 232,1962,1999,DG-Polydor,2,,klasyka,classics,CD
1311,Jan Sebastian Bach,Bach Jan Sebastian,Jan Sebastian Bach,Otto Klemperer,Philharmonia Choir & Orchestra,Pears/Fischer-Diskau/Schwarzkopf/Ludwig,St. Matthew Passion,1962,2001,EMI,1,,klasyka,classics,CD
1312,Jan Sebastian Bach,Bach Jan Sebastian,Jan Sebastian Bach,Otto Klemperer,Philharmonia Choir & Orchestra,Pears/Fischer-Diskau/Schwarzkopf/Ludwig,St. Matthew Passion,1962,2001,EMI,2,,klasyka,classics,CD
1313,Jan Sebastian Bach,Bach Jan Sebastian,Jan Sebastian Bach,Otto Klemperer,Philharmonia Choir & Orchestra,Pears/Fischer-Diskau/Schwarzkopf/Ludwig,St. Matthew Passion,1962,2001,EMI,3,,klasyka,classics,CD
1314,Jan Sebastian Bach,Bach Jan Sebastian,Jan Sebastian Bach,Nikolaus Harnoncourt,,,St. Matthew Passion,,2001,Teldec,1,rolf,klasyka,classics,CD
1315,Jan Sebastian Bach,Bach Jan Sebastian,Jan Sebastian Bach,Nikolaus Harnoncourt,,,St. Matthew Passion,,2001,Teldec,2,rolf,klasyka,classics,CD
1316,Jan Sebastian Bach,Bach Jan Sebastian,Jan Sebastian Bach,Nikolaus Harnoncourt,,,St. Matthew Passion,,2001,Teldec,3,rolf,klasyka,classics,CD
1317,Jan Sebastian Bach,Bach Jan Sebastian,Jan Sebastian Bach,,,Martha Argerich,"Toccata BWV 911, Partita BWV 826, Englische Suite No. 2 BWV 807",1980,2000,Polydor,,,klasyka,classics,CD
1318,Jan Sebastian Bach,Bach Jan Sebastian,Jan Sebastian Bach,,,Trevor Pinnock,Goldberg-Variationen BWV 988,,1980,Polydor,,,klasyka,classics,CD
1319,Jan Sebastian Bach,Bach Jan Sebastian,Jan Sebastian Bach,,,Yehudi Menuhin,Sonatas & Partitias for violin solo BWV 1001-1006,1957,1993,EMI,1,,klasyka,classics,CD
1320,Jan Sebastian Bach,Bach Jan Sebastian,Jan Sebastian Bach,,,Yehudi Menuhin,Sonatas & Partitias for violin solo BWV 1001-1006,1957,1993,EMI,2,,klasyka,classics,CD
1321,Jan Sebastian Bach,Bach Jan Sebastian,Jan Sebastian Bach,,,Mischa Maisky,6 cello-suites BWV 1007-1012,,1985,DG-Polydor,1,,klasyka,classics,CD
1322,Jan Sebastian Bach,Bach Jan Sebastian,Jan Sebastian Bach,,,Mischa Maisky,6 cello-suites BWV 1007-1012,,1985,DG-Polydor,2,,klasyka,classics,CD
1323,Jan Sebastian Bach,Bach Jan Sebastian,Jan Sebastian Bach,,,Robert Cohen,Cello Suites vol.1,,1990.93,Lambourne Productions,,,klasyka,classics,CD
1324,Jan Sebastian Bach,Bach Jan Sebastian,Jan Sebastian Bach,,Orchestra of the Age of Enlightenment,,The Brandenburg Concertos,,1989,Virgin,1,,klasyka,classics,CD
1325,Jan Sebastian Bach,Bach Jan Sebastian,Jan Sebastian Bach,,Orchestra of the Age of Enlightenment,,The Brandenburg Concertos,,1989,Virgin,2,,klasyka,classics,CD
1326,Jan Sebastian Bach,Bach Jan Sebastian,Jan Sebastian Bach,,,Karl Richter,"Branderburgische Konzerte 2,5, Ouverture 2; BWV 1047,1050,1067",,1963.68,DG-Polydor,1,,klasyka,classics,CD
1327,Jan Sebastian Bach,Bach Jan Sebastian,Jan Sebastian Bach,,,Karl Richter,"Ouverture 1, Branderburgische Konzerte 3, Ouverture 3; BWV 1066,1048,1068",,1963.68,DG-Polydor,2,,klasyka,classics,CD
1328,Jan Sebastian Bach,Bach Jan Sebastian,Jan Sebastian Bach,,Academy of St. Martin in the Fields,Murray Perahia,"Keyboard Concertos Nos. 1 d-moll BWV 1052,2 E-dur BWV 1053 & 4 A-dur BWV 1055",,2001,SONY,,,klasyka,classics,CD
1329,Jan Sebastian Bach,Bach Jan Sebastian,Jan Sebastian Bach,,Academy of St. Martin in the Fields,Murray Perahia,"Keyboard Concertos Nos. 3, 5, 6, 7",,2002,SONY,,,klasyka,classics,CD
1330,Jan Sebastian Bach,Bach Jan Sebastian,Jan Sebastian Bach,,,Glenn Gould,"The Art of Fugue BWV 1080, Prelude and Fugue BWV 898",1967.83,1997,SONY,,,klasyka,classics,CD
1331,various,Baroque Masterpieces,"Pachelbel, Albinoni, Bach",,,,Baroque Masterpieces,,1997,SONY,,rolf,klasyka,classics,CD
1332,Bela Bartok,Bartok Bela,Bela Bartok,Sir Georg Solti,,Murray Perahia,"Sonata For Two Pianos & Precussion (+Brahms – Variations On A Theme By Joseph Haydn, Op. 56b)",,1987,CBS,,,klasyka,classics,CD
1333,Bela Bartok,Bartok Bela,Bela Bartok,,,"Zoltan Kocsis, Dezso Ranki","Sonata For Two Pianos & Percussion Sz.110, Two Pictures Op.10, Sz.46, Preludio & Scherzo Op.12, Sz.51",1981,1984,Hungaroton,,,klasyka,classics,CD
1334,Bela Bartok,Bartok Bela,Bela Bartok,,Boston Symphony Orchestra,Sergey Koussevitzky,Bartok - Concerto for Orchestra / Mussorgsky (Ravel) - Pictures at an Exhibition,1943,2000,NAXOS,,,klasyka,classics,CD
1335,Ludwig van Beethoven,Beethoven Ludwig van,Ludwig van Beethoven,,,Casadesus,"Piano Sonatas (14,26,24,23,Op.27,81a,78,57)",1953.58,1990,CBS - SONY,,,klasyka,classics,CD
1336,Ludwig van Beethoven,Beethoven Ludwig van,Ludwig van Beethoven,,,Marcin Masecki,ostatnie sonaty fortepianowe,2015,2015,Lado ABC,,,klasyka,classics,CD
1337,Ludwig van Beethoven,Beethoven Ludwig van,Ludwig van Beethoven,Krystian Zimerman,Wiener Philharmoniker,Krystian Zimerman,"Piano Concertos (1,2,Op.15,19)",,1992,DG,1,,klasyka,classics,CD
1338,Ludwig van Beethoven,Beethoven Ludwig van,Ludwig van Beethoven,Leonard Bernstein,Wiener Philharmoniker,Krystian Zimerman,"Piano Concertos (3,4,Op.37,58)",,1992,DG,2,,klasyka,classics,CD
1339,Ludwig van Beethoven,Beethoven Ludwig van,Ludwig van Beethoven,Leonard Bernstein,Wiener Philharmoniker,Krystian Zimerman,"Piano Concertos (5,Op.73)",,1992,DG,3,,klasyka,classics,CD
1340,Ludwig van Beethoven,Beethoven Ludwig van,Beethoven & Mendelssohn,Wilhelm Furtwangler,,Yehudi Menuhin,"Violin Concertos (B-Op.61,M-Op.64)",1954.84,1999,EMI,,,klasyka,classics,CD
1341,Ludwig van Beethoven,Beethoven Ludwig van,Ludwig van Beethoven,Herbert von Karajan,Berliner Philharmoniker,,"Symphonie No.3 Es-dur, op.55 “Eroica”",,1986,DG-Polydor,,,klasyka,classics,CD
1342,Ludwig van Beethoven,Beethoven Ludwig van,Ludwig van Beethoven,Jordi Savall,Le Concert des Nations,,"Sinfonia ""Eroica” No.3 Es-dur, op.55",,2000,Naive,,,klasyka,classics,CD
1343,Ludwig van Beethoven,Beethoven Ludwig van,Ludwig van Beethoven,Herbert von Karajan,Berliner Philharmoniker,,"VII Symfonia A-dur op.92, V Symfonia c-moll op.67",,,Selles z płyty Polygram,,,klasyka,classics,CD
1344,Ludwig van Beethoven,Beethoven Ludwig van,Ludwig van Beethoven,Fritz Reiner,Chicago Symphony Orchestra,,"Symphony No.6 in Fm Op.68 ""Pastoral""",1961,2002,Victor,,,klasyka,classics,CD
1345,Ludwig van Beethoven,Beethoven Ludwig van,Ludwig van Beethoven,Wilhelm Furtwangler,Wiener Philharmoniker,,Symphonie No.9 d-moll op.125,1953,1991,DG,,,klasyka,classics,CD
1346,Ludwig van Beethoven,Beethoven Ludwig van,Ludwig van Beethoven,Wilhelm Furtwangler,Wiener Philharmoniker,,Fidelio,1953,1992,EMI,1,,klasyka,classics,CD
1347,Ludwig van Beethoven,Beethoven Ludwig van,Ludwig van Beethoven,Wilhelm Furtwangler,Wiener Philharmoniker,,Fidelio,1953,1992,EMI,2,,klasyka,classics,CD
1348,Vincenzo Bellini,Bellini Vincenzo,Vincenzo Bellini,Richard Bonynge,London Symphony Orchestra,Joan Sutherland,Beatrice di Tenda,1962.66,,Decca,1,,klasyka,classics,CD
1349,Vincenzo Bellini,Bellini Vincenzo,Vincenzo Bellini,Richard Bonynge,London Symphony Orchestra,Joan Sutherland,Beatrice di Tenda,1962.66,,Decca,2,,klasyka,classics,CD
1350,Vincenzo Bellini,Bellini Vincenzo,Vincenzo Bellini,Richard Bonynge,London Symphony Orchestra,Joan Sutherland,Norma,1962.66,,Decca,3,,klasyka,classics,CD
1351,Vincenzo Bellini,Bellini Vincenzo,Vincenzo Bellini,Richard Bonynge,London Symphony Orchestra,Joan Sutherland,Norma,1962.66,,Decca,4,,klasyka,classics,CD
1352,Vincenzo Bellini,Bellini Vincenzo,Vincenzo Bellini,Richard Bonynge,London Symphony Orchestra,Joan Sutherland,Norma,1962.66,,Decca,5,,klasyka,classics,CD
1353,Vincenzo Bellini,Bellini Vincenzo,Vincenzo Bellini,Richard Bonynge,London Symphony Orchestra,Joan Sutherland,I puritani,1962.66,,Decca,6,,klasyka,classics,CD
1354,Vincenzo Bellini,Bellini Vincenzo,Vincenzo Bellini,Richard Bonynge,London Symphony Orchestra,Joan Sutherland,I puritani,1962.66,,Decca,7,,klasyka,classics,CD
1355,Vincenzo Bellini,Bellini Vincenzo,Vincenzo Bellini,Richard Bonynge,London Symphony Orchestra,Joan Sutherland,I puritani,1962.66,,Decca,8,,klasyka,classics,CD
1356,Vincenzo Bellini,Bellini Vincenzo,Vincenzo Bellini,Richard Bonynge,London Symphony Orchestra,Joan Sutherland,La sonnambula,1962.66,,Decca,9,,klasyka,classics,CD
1357,Vincenzo Bellini,Bellini Vincenzo,Vincenzo Bellini,Richard Bonynge,London Symphony Orchestra,Joan Sutherland,La sonnambula,1962.66,,Decca,10,,klasyka,classics,CD
1358,Hector Berlioz,Berlioz Hector,Hector Berlioz,"Rudolf Kempe, Louis Fremaux",,,"Symphonie Fantastique op.14; Saint-Saens – Organ Symphony op.78, The Carnival Of The Animals",1959/60/71/78,1995,EMI,1,,klasyka,classics,CD
1359,Hector Berlioz,Berlioz Hector,Hector Berlioz,"Rudolf Kempe, Louis Fremaux",,,"Symphonie Fantastique op.14; Saint-Saens – Organ Symphony op.78, The Carnival Of The Animals",1959/60/71/78,1995,EMI,2,,klasyka,classics,CD
1360,Georges Bizet,Bizet Georges,Georges Bizet,Sir Thomas Beecham,,,Carmen,1960,2000,EMI,1,,klasyka,classics,CD
1361,Georges Bizet,Bizet Georges,Georges Bizet,Sir Thomas Beecham,,,Carmen,1960,2000,EMI,2,,klasyka,classics,CD
1362,Georges Bizet,Bizet Georges,Georges Bizet,Sir Thomas Beecham,,,Carmen,1960,2000,EMI,3,,klasyka,classics,CD
1363,Johannes Brahms,Brahms Johannes,Johannes Brahms,,,Yo-Yo Ma / Emanuel Ax,"Sonatas for Cello and Piano No. 1 & 2, Op. 38, 99",1985,1992,BMG,,,klasyka,classics,CD
1364,Johannes Brahms,Brahms Johannes,Johannes Brahms,,,Misha Maisky / Pavel Gililov,"Cello sonatas op.38, 99 & songs without words",,1999,DG,,,klasyka,classics,CD
1365,Johannes Brahms,Brahms Johannes,Johannes Brahms,Herbert von Karajan,,"Elisabeth Schwarzkopf, Hans Hotter",Ein Deutsches Requiem op. 45,1947,1987,EMI,,,klasyka,classics,CD
1366,Johannes Brahms,Brahms Johannes,Johannes Brahms,Carlo Maria Gulini,Wiener Philharmoniker,"Barbara Bonney, Andreas Schmidt",Ein Deutsches Requiem op. 45,,1988,DG-Polydor,,,klasyka,classics,CD
1367,Johannes Brahms,Brahms Johannes,Johannes Brahms,Claudio Abbado,Wiener Philharmoniker,,21 Ungarische Tanze,,1982,DG-Polydor,,,klasyka,classics,CD
1368,Johannes Brahms,Brahms Johannes,Johannes Brahms,,,Egon Petri,Paganini & Handel Variations,"1937,40",2001,NAXOS,,,klasyka,classics,CD
1369,Johannes Brahms,Brahms Johannes,Johannes Brahms,Wilhelm Furtwangler,Orchestre du Festival de Lucerne / Wiener Philharmoniker,"Yehudi Menuhin, Willi Boskovsky / Emanuel Brabec",Violin Concerto op.77 / Double Concerto op.102,1949.52,1990,EMI,,,klasyka,classics,CD
1370,Johannes Brahms,Brahms Johannes,Johannes Brahms,Arturo Toscanini,NBC Symphony Orchestra,Vladimir Horowitz,Serenade No. 1 op.11 / Piano Concerto No. 2 op.83 / Symphony No. 1 op.68,1940,1998,NAXOS,1,,klasyka,classics,CD
1371,Johannes Brahms,Brahms Johannes,Johannes Brahms,Arturo Toscanini,NBC Symphony Orchestra,Vladimir Horowitz,Serenade No. 1 op.11 / Piano Concerto No. 2 op.83 / Symphony No. 1 op.68,1940,1998,NAXOS,2,,klasyka,classics,CD
1372,Johannes Brahms,Brahms Johannes,Johannes Brahms,,,"Jessye Norman, Daniel Barenboim",Lieder,,1983,DG-Polydor,1,,klasyka,classics,CD
1373,Johannes Brahms,Brahms Johannes,Johannes Brahms,,,"Jessye Norman, Daniel Barenboim",Lieder,,1983,DG-Polydor,2,,klasyka,classics,CD
1374,Johannes Brahms,Brahms Johannes,Johannes Brahms,Herbert von Karajan,Berliner Philharmoniker,,"4 Symphonien op.68, 73, 90, 98",,1987,DG-Polygram,1,,klasyka,classics,CD
1375,Johannes Brahms,Brahms Johannes,Johannes Brahms,Herbert von Karajan,Berliner Philharmoniker,,"4 Symphonien op.68, 73, 90, 98",,1987,DG-Polygram,2,,klasyka,classics,CD
1376,Johannes Brahms,Brahms Johannes,Johannes Brahms,Herbert von Karajan,Berliner Philharmoniker,,"4 Symphonien op.68, 73, 90, 98",,1987,DG-Polygram,3,,klasyka,classics,CD
1377,Johannes Brahms,Brahms Johannes,Johannes Brahms,Antoni Wit,NOSPR,Idil Biret,The Complete Solo Piano Music and the Piano Concertos,,2001,NAXOS,1,,klasyka,classics,CD
1378,Johannes Brahms,Brahms Johannes,Johannes Brahms,Antoni Wit,NOSPR,Idil Biret,The Complete Solo Piano Music and the Piano Concertos,,2001,NAXOS,2,,klasyka,classics,CD
1379,Johannes Brahms,Brahms Johannes,Johannes Brahms,Antoni Wit,NOSPR,Idil Biret,The Complete Solo Piano Music and the Piano Concertos,,2001,NAXOS,3,,klasyka,classics,CD
1380,Johannes Brahms,Brahms Johannes,Johannes Brahms,Antoni Wit,NOSPR,Idil Biret,The Complete Solo Piano Music and the Piano Concertos,,2001,NAXOS,4,,klasyka,classics,CD
1381,Johannes Brahms,Brahms Johannes,Johannes Brahms,Antoni Wit,NOSPR,Idil Biret,The Complete Solo Piano Music and the Piano Concertos,,2001,NAXOS,5,,klasyka,classics,CD
1382,Johannes Brahms,Brahms Johannes,Johannes Brahms,Antoni Wit,NOSPR,Idil Biret,The Complete Solo Piano Music and the Piano Concertos,,2001,NAXOS,6,,klasyka,classics,CD
1383,Johannes Brahms,Brahms Johannes,Johannes Brahms,Antoni Wit,NOSPR,Idil Biret,The Complete Solo Piano Music and the Piano Concertos,,2001,NAXOS,7,,klasyka,classics,CD
1384,Johannes Brahms,Brahms Johannes,Johannes Brahms,Antoni Wit,NOSPR,Idil Biret,The Complete Solo Piano Music and the Piano Concertos,,2001,NAXOS,8,,klasyka,classics,CD
1385,Johannes Brahms,Brahms Johannes,Johannes Brahms,Antoni Wit,NOSPR,Idil Biret,The Complete Solo Piano Music and the Piano Concertos,,2001,NAXOS,9,,klasyka,classics,CD
1386,Johannes Brahms,Brahms Johannes,Johannes Brahms,Antoni Wit,NOSPR,Idil Biret,The Complete Solo Piano Music and the Piano Concertos,,2001,NAXOS,10,,klasyka,classics,CD
1387,Johannes Brahms,Brahms Johannes,Johannes Brahms,Antoni Wit,NOSPR,Idil Biret,The Complete Solo Piano Music and the Piano Concertos,,2001,NAXOS,11,,klasyka,classics,CD
1388,Johannes Brahms,Brahms Johannes,Johannes Brahms,Antoni Wit,NOSPR,Idil Biret,The Complete Solo Piano Music and the Piano Concertos,,2001,NAXOS,12,,klasyka,classics,CD
1389,Fryderyk Chopin,Chopin Fryderyk,Fryderyk Chopin,,,Janusz Olejniczak,,1991,1997,Selene,,,klasyka,classics,CD
1390,Fryderyk Chopin,Chopin Fryderyk,Fryderyk Chopin,Carlo Maria Gulini,Los Angeles Philharmonic Orchestra,Krystian Zimerman / Martha Argerich,"Piano Concerto No.2 in F Minor, op.21 / Piano Sonata 2 in B Flat Minor, op.35, Polonaise 6 in A Flat, op.53 (heroic)",,1967-88,DG-Polydor; Time-Life,1,,klasyka,classics,CD
1391,Fryderyk Chopin,Chopin Fryderyk,Fryderyk Chopin,,,Vladimir Ashkenazy,różne,,1975-88,Decca; Time-Life,2,,klasyka,classics,CD
1392,Fryderyk Chopin,Chopin Fryderyk,Fryderyk Chopin,,,Artur Rubinstein,walce,,,Selles,,,klasyka,classics,CD
1393,Fryderyk Chopin,Chopin Fryderyk,Fryderyk Chopin,,,Daniel Barenboim,The Complete Nocturnes,,1982,DG-Polydor,1,,klasyka,classics,CD
1394,Fryderyk Chopin,Chopin Fryderyk,Fryderyk Chopin,,,Daniel Barenboim,The Complete Nocturnes,,1982,DG-Polydor,2,,klasyka,classics,CD
1395,Fryderyk Chopin,Chopin Fryderyk,Fryderyk Chopin,,,Maria Joao Pires,Nocturnes,,1996,,1,KOPIA,klasyka,classics,CD
1396,Fryderyk Chopin,Chopin Fryderyk,Fryderyk Chopin,,,Maria Joao Pires,Nocturnes,,1996,,2,KOPIA,klasyka,classics,CD
1397,Fryderyk Chopin,Chopin Fryderyk,Fryderyk Chopin,Krystian Zimerman,Polish Festival Orchestra,Krystian Zimerman,Piano Concerto No. 1 e-moll op.11,,1999,Deutsche Grammophon,1,,klasyka,classics,CD
1398,Fryderyk Chopin,Chopin Fryderyk,Fryderyk Chopin,Krystian Zimerman,Polish Festival Orchestra,Krystian Zimerman,Piano Concerto No. 2 f-moll op.21,,1999,Deutsche Grammophon,2,,klasyka,classics,CD
1399,Fryderyk Chopin,Chopin Fryderyk,Fryderyk Chopin,Witold Rowicki / Grzegorz Nowak,OSFN / Sinfonia Varsovia,Artur Rubinstein / Martha Argerich,Piano Concerto No. 2 f-moll op.21/ Piano Concerto No. 1 e-moll op.11,1979,2000,CD Accord,,,klasyka,classics,CD
1400,Fryderyk Chopin,Chopin Fryderyk,Fryderyk Chopin,Emmanuel Krivine,Chamber Orchestra of Europe,Maria Joao Pires,Piano Concerto No. 1 e-moll op.11,,1998,Deutsche Grammophon,,KOPIA,klasyka,classics,CD
1401,Fryderyk Chopin,Chopin Fryderyk,Fryderyk Chopin,Charles Dutoit,Orchestre Symphonique de Montreal,Martha Argerich,Concertos pour piano 1 & 2,1998,2007,EMI,,,klasyka,classics,CD
1402,Fryderyk Chopin,Chopin Fryderyk,Fryderyk Chopin,,,Georges Chiffra,różne,1959.79,2003,EMI,1,,klasyka,classics,CD
1403,Fryderyk Chopin,Chopin Fryderyk,Fryderyk Chopin,,,Georges Chiffra,różne,1959.79,2003,EMI,2,,klasyka,classics,CD
1404,Fryderyk Chopin,Chopin Fryderyk,Fryderyk Chopin,,,Georges Chiffra,różne,1959.79,2003,EMI,3,,klasyka,classics,CD
1405,Fryderyk Chopin,Chopin Fryderyk,Fryderyk Chopin,,,Georges Chiffra,różne,1959.79,2003,EMI,4,,klasyka,classics,CD
1406,Fryderyk Chopin,Chopin Fryderyk,Fryderyk Chopin,,,Georges Chiffra,różne (m.in. koncert nr 1),1959.79,2003,EMI,5,,klasyka,classics,CD
1407,Fryderyk Chopin,Chopin Fryderyk,Fryderyk Chopin,,,Rafał Blechacz,Nagrania z XV Miedzynarodowego Konkursu Pianistycznego im. Fryderyka Chopina,2005,2006,Miedzynarodowa Fundacja im. Fryderyka Chopina,,,klasyka,classics,CD
1408,Fryderyk Chopin,Chopin Fryderyk,Fryderyk Chopin,,,Rafał Blechacz,Preludia,,2007,DG,,,klasyka,classics,CD
1409,Fryderyk Chopin,Chopin Fryderyk,Fryderyk Chopin,,,,The Real Chopin: Dzieła wszystkie na instrumentach historycznych,,2010,Narodowy Instytut Fryderyka Chopina,1,,klasyka,classics,CD
1410,Fryderyk Chopin,Chopin Fryderyk,Fryderyk Chopin,,,,The Real Chopin: Dzieła wszystkie na instrumentach historycznych,,2010,Narodowy Instytut Fryderyka Chopina,2,,klasyka,classics,CD
1411,Fryderyk Chopin,Chopin Fryderyk,Fryderyk Chopin,,,,The Real Chopin: Dzieła wszystkie na instrumentach historycznych,,2010,Narodowy Instytut Fryderyka Chopina,3,,klasyka,classics,CD
1412,Fryderyk Chopin,Chopin Fryderyk,Fryderyk Chopin,,,,The Real Chopin: Dzieła wszystkie na instrumentach historycznych,,2010,Narodowy Instytut Fryderyka Chopina,4,,klasyka,classics,CD
1413,Fryderyk Chopin,Chopin Fryderyk,Fryderyk Chopin,,,,The Real Chopin: Dzieła wszystkie na instrumentach historycznych,,2010,Narodowy Instytut Fryderyka Chopina,5,,klasyka,classics,CD
1414,Fryderyk Chopin,Chopin Fryderyk,Fryderyk Chopin,,,,The Real Chopin: Dzieła wszystkie na instrumentach historycznych,,2010,Narodowy Instytut Fryderyka Chopina,6,,klasyka,classics,CD
1415,Fryderyk Chopin,Chopin Fryderyk,Fryderyk Chopin,,,,The Real Chopin: Dzieła wszystkie na instrumentach historycznych,,2010,Narodowy Instytut Fryderyka Chopina,7,,klasyka,classics,CD
1416,Fryderyk Chopin,Chopin Fryderyk,Fryderyk Chopin,,,,The Real Chopin: Dzieła wszystkie na instrumentach historycznych,,2010,Narodowy Instytut Fryderyka Chopina,8,,klasyka,classics,CD
1417,Fryderyk Chopin,Chopin Fryderyk,Fryderyk Chopin,,,,The Real Chopin: Dzieła wszystkie na instrumentach historycznych,,2010,Narodowy Instytut Fryderyka Chopina,9,,klasyka,classics,CD
1418,Fryderyk Chopin,Chopin Fryderyk,Fryderyk Chopin,,,,The Real Chopin: Dzieła wszystkie na instrumentach historycznych,,2010,Narodowy Instytut Fryderyka Chopina,10,,klasyka,classics,CD
1419,Fryderyk Chopin,Chopin Fryderyk,Fryderyk Chopin,,,,The Real Chopin: Dzieła wszystkie na instrumentach historycznych,,2010,Narodowy Instytut Fryderyka Chopina,11,,klasyka,classics,CD
1420,Fryderyk Chopin,Chopin Fryderyk,Fryderyk Chopin,,,,The Real Chopin: Dzieła wszystkie na instrumentach historycznych,,2010,Narodowy Instytut Fryderyka Chopina,12,,klasyka,classics,CD
1421,Fryderyk Chopin,Chopin Fryderyk,Fryderyk Chopin,,,,The Real Chopin: Dzieła wszystkie na instrumentach historycznych,,2010,Narodowy Instytut Fryderyka Chopina,13,,klasyka,classics,CD
1422,Fryderyk Chopin,Chopin Fryderyk,Fryderyk Chopin,,,,The Real Chopin: Dzieła wszystkie na instrumentach historycznych,,2010,Narodowy Instytut Fryderyka Chopina,14,,klasyka,classics,CD
1423,Fryderyk Chopin,Chopin Fryderyk,Fryderyk Chopin,,,,The Real Chopin: Dzieła wszystkie na instrumentach historycznych,,2010,Narodowy Instytut Fryderyka Chopina,15,,klasyka,classics,CD
1424,Fryderyk Chopin,Chopin Fryderyk,Fryderyk Chopin,,,,The Real Chopin: Dzieła wszystkie na instrumentach historycznych,,2010,Narodowy Instytut Fryderyka Chopina,16,,klasyka,classics,CD
1425,Fryderyk Chopin,Chopin Fryderyk,Fryderyk Chopin,,,,The Real Chopin: Dzieła wszystkie na instrumentach historycznych,,2010,Narodowy Instytut Fryderyka Chopina,17,,klasyka,classics,CD
1426,Fryderyk Chopin,Chopin Fryderyk,Fryderyk Chopin,,,,The Real Chopin: Dzieła wszystkie na instrumentach historycznych,,2010,Narodowy Instytut Fryderyka Chopina,18,,klasyka,classics,CD
1427,Fryderyk Chopin,Chopin Fryderyk,Fryderyk Chopin,,,,The Real Chopin: Dzieła wszystkie na instrumentach historycznych,,2010,Narodowy Instytut Fryderyka Chopina,19,,klasyka,classics,CD
1428,Fryderyk Chopin,Chopin Fryderyk,Fryderyk Chopin,,,,The Real Chopin: Dzieła wszystkie na instrumentach historycznych,,2010,Narodowy Instytut Fryderyka Chopina,20,,klasyka,classics,CD
1429,Fryderyk Chopin,Chopin Fryderyk,Fryderyk Chopin,,,,The Real Chopin: Dzieła wszystkie na instrumentach historycznych,,2010,Narodowy Instytut Fryderyka Chopina,21,,klasyka,classics,CD
1430,Piotr Czajkowski,Czajkowski Piotr,Piotr Czajkowski,Herbert von Karajan,Berliner Philharmoniker,,"Ouvefrture “1812”op.49, Der Nussknacker op.71a, Slawischer Marsch op.31, Capriccio italien op.45",,1967,DG-Polydor,,,klasyka,classics,CD
1431,Piotr Czajkowski,Czajkowski Piotr,Piotr Czajkowski,,,Evgeni Svetlanov,"Suite No. 2 op.53, Hamlet op.67, Overture in F Major","1985,70,87",1990,Melodiya,,,klasyka,classics,CD
1432,Piotr Czajkowski,Czajkowski Piotr,Piotr Czajkowski,Lorin Maazel,,Emil Gilels,"Piano Concertos 1 & 2 op.23,44",1971.73,1995,EMI,1,,klasyka,classics,CD
1433,Piotr Czajkowski,Czajkowski Piotr,"Piotr Czajkowski/ Prokofiev, Bartok",Lorin Maazel,,Emil Gilels / Sviatoslav Richter,Piano Concerto 3 op.75 / Piano Concerto 5 op.55 / Piano Concerto 2 Sz83,1971.73,1995,EMI,2,,klasyka,classics,CD
1434,Piotr Czajkowski,Czajkowski Piotr,Piotr Czajkowski,Herbert von Karajan,Wiener Philharmoniker,Anne-Sophie Mutter,Violinkonzert,,1988,Deutsche Grammophon,,KOPIA,klasyka,classics,CD
1435,Piotr Czajkowski,Czajkowski Piotr,Piotr Czajkowski,Evgeni Svetlanov,The USSR Symphony Orchestra,Evgeni Svetlanov,"Symphony no. 2 op.17, Serenade for String Orchestra, op. 48","1967,70",1991,Melodiya,,,klasyka,classics,CD
1436,Piotr Czajkowski,Czajkowski Piotr,Piotr Czajkowski,Herbert von Karajan,Berliner Philharmoniker,,"Symphony no. 4 op.36, Symphony no. 5 op.64 (cz.1)","1976,77",,DG-Polydor,1,,klasyka,classics,CD
1437,Piotr Czajkowski,Czajkowski Piotr,Piotr Czajkowski,Herbert von Karajan,Berliner Philharmoniker,,"Symphony no. 5 op.64 (cz.2), Symphony no. 6 op.74","1976,77",,DG-Polydor,2,,klasyka,classics,CD
1438,Piotr Czajkowski,Czajkowski Piotr,Piotr Czajkowski,Evgeni Svetlanov,The USSR Symphony Orchestra,Evgeni Svetlanov,"Symphony no. 5 op.64, The Tempest op.18","1967,70",1991,Melodiya,,,klasyka,classics,CD
1439,Piotr Czajkowski,Czajkowski Piotr,Piotr Czajkowski,Mark Emler,Orchestra of the Royal Opera House,,Swan Lake,,2009,SONY,1,,klasyka,classics,CD
1440,Piotr Czajkowski,Czajkowski Piotr,Piotr Czajkowski,Mark Emler,Orchestra of the Royal Opera House,,Swan Lake,,2009,SONY,2,,klasyka,classics,CD
1441,Piotr Czajkowski,Czajkowski Piotr,Czajkowski / Rachaminoff,,,"Lang Lang, Vadim Repin, Misha Maisky",Piano trios (in A minor op.50 / elegiaque no.1 in G minor),,2009,DG,,,klasyka,classics,CD
1442,Timofiej Dokszicer - trąbka,Dokszicer,various,,,Timofiej Dokszicer - trąbka,"Image of Laura (Chopin, Strauss, Schubert, Mendelssohn-Bartholdy, Scriabin, Czajkowski, Rachmaninow, Debussy, Liszt)",1987,1990,Melodiya,,,klasyka,classics,CD
1443,Antonin Dvorak,Dvorak Antonin,Antonin Dvorak,Eugene Ormandy / Rudolf Kempe,London Symphony Orchestra / Muncher Philharmoniker,,"Symphony No.9 “From The New World” in E-minor op.95; Serenade For Strings in E major, Op.22",1969.75,1990,SONY,,,klasyka,classics,CD
1444,Antonin Dvorak,Dvorak Antonin,Antonin Dvorak,Zdenek Kosler,Slovenska filharmonie,,Symfonia 7 d-moll op.70,,1979,OPUS,,,klasyka,classics,CD
1445,Antonin Dvorak,Dvorak Antonin,Antonin Dvorak,Zdenek Kosler,Slovak Philharmonic Orchestra  / Slovak Chamber Orchestra,Bohdan Warchal,"Symfonia 9; „The Noon Witch” symphonic poem, op.118; symfonia 8 G-Dur / Serenade For Strings, Op.22",,1995,OPUS,1,,klasyka,classics,CD
1446,Antonin Dvorak,Dvorak Antonin,Antonin Dvorak,Zdenek Kosler,Slovak Philharmonic Orchestra  / Slovak Chamber Orchestra,Bohdan Warchal,"Symfonia 9; „The Noon Witch” symphonic poem, op.118; symfonia 8 G-Dur / Serenade For Strings, Op.22",,1995,OPUS,2,,klasyka,classics,CD
1447,Antonin Dvorak,Dvorak Antonin,Antonin Dvorak,Zdenek Kosler,Slovak Philharmonic Orchestra  / Slovak Chamber Orchestra,Pavol Prochazka,Requiem op.89,,,,1,,klasyka,classics,CD
1448,Antonin Dvorak,Dvorak Antonin,Antonin Dvorak,Zdenek Kosler,Slovak Philharmonic Orchestra  / Slovak Chamber Orchestra,Pavol Prochazka,Requiem op.89,,,,2,,klasyka,classics,CD
1449,,Flute: The Virtuoso Flute,"Quantz, Frederic the Great, Vivaldi",,,Jean-Pierre Rampal i in.,Flute Concertos (The Golden Baroque),,1996,Philips,,,klasyka,classics,CD
1450,Wilhelm Furtwangler,Furtwangler,Johannes Brahms,Wilhelm Furtwangler,Wiener Philharmoniker,,"Variations on a theme by Haydn op.56a, Symphony No.1 in C minor, op.68",1952.47,1998,Testament – licence from EMI,,,klasyka,classics,CD
1451,Wilhelm Furtwangler,Furtwangler,"Czajkowski, Sibelius",Wilhelm Furtwangler,Berliner Philharmoniker,,"Czajkowski, Symphony N. 6 in B minor op.74 “Pathetique” / Sibelius, En Saga (Symphonic Poem)",1938.43,1995,Fono,,,klasyka,classics,CD
1452,Wilhelm Furtwangler,Furtwangler,"Schubert, Ravel",Wilhelm Furtwangler,Berliner Philharmoniker,,"Schubert, Symphony no. 9 “The Great” / Ravel, Daphnis et Chloe, Suite no. 2",1944,,Selles,,,klasyka,classics,CD
1453,Philip Glass,Glass Philip,Philip Glass,Takuo Yuasa,Ulster Orchestra,Adele Anthony,Violin Concerto / Prelude and Dance from Akhnaten / Company,1999,,NAXOS,,,klasyka,classics,CD
1454,Philip Glass,Glass Philip,"Philip Glass, David Bowie, Brian Eno",Dennis Russell Davies,The American Composers Orchestra,,"""Heroes"" Symphony",,1996,Point,,,klasyka,classics,CD
1455,Glenn Gould,Gould Glenn,Jan Sebastian Bach,,,Glenn Gould,A State Of Wonder. The complete Goldberg Variations 1955 & 1981 ,1955.81,2002,SONY,1,,klasyka,classics,CD
1456,Glenn Gould,Gould Glenn,Jan Sebastian Bach,,,Glenn Gould,A State Of Wonder. The complete Goldberg Variations 1955 & 1981 ,1955.81,2002,SONY,2,,klasyka,classics,CD
1457,Glenn Gould,Gould Glenn,Jan Sebastian Bach,,,Glenn Gould,A State Of Wonder. The complete Goldberg Variations 1955 & 1981 ,1955.81,2002,SONY,3,,klasyka,classics,CD
1458,Henryk Górecki,Górecki Henryk,Henryk Górecki,Antoni Wit,NOSPR,Zofia Kilanowicz,Symphony no. 3; 3 Olden Style Pieces,1993,1994,NAXOS,,,klasyka,classics,CD
1459,Ida Haendel,Haendel Ida,"Bartok, Szymanowski, Enescu",,,"Ida Haendel, Vladimir Ashkenazy","Bartok, Szymanowski, Enescu",,2000,Decca,1,,klasyka,classics,CD
1460,Ida Haendel,Haendel Ida,various,,,Ida Haendel,Decca recordings 1940-47,,2000,Decca,2,,klasyka,classics,CD
1461,Georg Friderch Handel,Handel Georg Friderch,Georg Friderch Handel,Karl Richter,London Philharmonic Orchestra / John Alldis Choir,,Messiah,,1973,Deutsche Grammophon,1,,klasyka,classics,CD
1462,Georg Friderch Handel,Handel Georg Friderch,Georg Friderch Handel,Karl Richter,London Philharmonic Orchestra / John Alldis Choir,,Messiah,,1973,Deutsche Grammophon,2,,klasyka,classics,CD
1463,Georg Friderch Handel,Handel Georg Friderc,Georg Friderch Handel,,,"Andrei Gavrilov, Sviatoslav Richter",Keyboard Suites I (1-4),1982,1996,EMI,1,,klasyka,classics,CD
1464,Georg Friderch Handel,Handel Georg Friderc,Georg Friderch Handel,,,"Andrei Gavrilov, Sviatoslav Richter",Keyboard Suites I (5-8),1982,1996,EMI,2,,klasyka,classics,CD
1465,Georg Friderch Handel,Handel Georg Friderc,Georg Friderch Handel,Fritz Lehmann,Berliner Philharmoniker,,"Wassermusik,Feuerwerkmusik HWV 348,351",1952.53,,DG,,,klasyka,classics,CD
1466,Georg Friderch Handel,Handel Georg Friderc,Georg Friderch Handel,Marc Minkowski,Les Musiciens Du Louvre,Massis / Magdalena Kozena,Dixit Dominus / Salve Regina etc.,,1999,DG,,,klasyka,classics,CD
1467,,Haydn,"Haydn, Beethoven, Schubert",,,"Jacques Thibaud, Pablo Casals, Alfred Cortot",różne,1926.27,2002,NAXOS,,,klasyka,classics,CD
1468,Jasha Heifetz,Heifetz,various,,,Heifetz 1935-1939,Collection Vol. 4,,1994,BMG - RCA,1,,klasyka,classics,CD
1469,Jasha Heifetz,Heifetz,Heifetz 1935-1939,,,,Collection Vol. 4,,1994,BMG - RCA,2,,klasyka,classics,CD
1470,Jasha Heifetz,Heifetz,Beethoven,,,Jasha Heifetz,Collection Vol. 16: Violin Sonatas,,1994,BMG - RCA,1,,klasyka,classics,CD
1471,Jasha Heifetz,Heifetz,Beethoven,,,Jasha Heifetz,Collection Vol. 16: Violin Sonatas,,1994,BMG - RCA,2,,klasyka,classics,CD
1472,Jasha Heifetz,Heifetz,Beethoven,,,Jasha Heifetz,Collection Vol. 16: Violin Sonatas,,1994,BMG - RCA,3,,klasyka,classics,CD
1473,Jasha Heifetz,Heifetz,Brahms,,,Jasha Heifetz,Collection Vol. 32: Trio i in.,,1994,BMG - RCA,,,klasyka,classics,CD
1474,Jasha Heifetz,Heifetz,"Dvorak, Brahms",,,Jasha Heifetz,"Collection Vol. 41: Dvorak, Quintet op.81; Brahms, Sextet op.36",,1994,BMG - RCA,,,klasyka,classics,CD
1475,Jasha Heifetz,Heifetz,"Franck, Stauss",,,Jasha Heifetz,"Collection Vol. 46: The Final Recital (Franck, Stauss – sonatas)",1972,1994,BMG - RCA,1,lost,klasyka,classics,CD
1476,Jasha Heifetz,Heifetz,"Franck, Stauss",,,Jasha Heifetz,"Collection Vol. 46: The Final Recital (Franck, Stauss – sonatas)",1972,1994,BMG - RCA,2,lost,klasyka,classics,CD
1477,Jasha Heifetz,Heifetz,"Brahms, Mozart, Bach",,,Jasha Heifetz,Double Concertos,1956/60/61,1995,BMG - RCA,,,klasyka,classics,CD
1478,Jasha Heifetz,Heifetz,"Czajkowski, Wieniawski, Sibelius","John Barbirolli (x2), Thomas Beecham",London Philharmonic Orchestra,Jasha Heifetz,"Violin Concertos (D-dur op.35, No.2 d-moll op.22, d-moll op.47)",1935.37,2000,NAXOS,,,klasyka,classics,CD
1479,Jasha Heifetz,Heifetz,Czajkowski / Wieniawski ,John Barbirolli,London Philharmonic Orchestra,Jasha Heifetz,Violin Concertos,,2001,Allegro,,,klasyka,classics,CD
1480,Vladimir Horowitz,Horowitz,"Brahms (+ Schubert, Liszt)",Arturo Toscanini,,Vladimir Horowitz,Piano Concerto No. 2 op.83,1940/47/51/53,1991,BMG - RCA,,,klasyka,classics,CD
1481,Vladimir Horowitz,Horowitz,various,,,Vladimir Horowitz,Encores / Zugaben / Bis,1942-80,1990,BMG - RCA,,,klasyka,classics,CD
1482,Vladimir Horowitz,Horowitz,"Chopin, Liszt",,,Vladimir Horowitz,Magic Talent,1932.36,1996,Promo Sound,,,klasyka,classics,CD
1483,Vladimir Horowitz,Horowitz,Rachmaninoff,Fritz Reiner,RCA Victor symphony Orchestra,Vladimir Horowitz,"Sonata 2,op.36 Concerto 3, op.30 i in.","1951, 1980, 1977",1989,BMG - RCA,,,klasyka,classics,CD
1484,Vladimir Horowitz,Horowitz,Rachmaninoff,Eugene Ormandy,New York Philharmonic,Vladimir Horowitz,Piano Concerto No. 3 op.30,1978,1993,BMG - RCA,,,klasyka,classics,CD
1485,Vladimir Horowitz,Horowitz,Mussorgsky,,,Vladimir Horowitz,Pictures at an Exhibition + Horowitz / Prokofiev / Rachmaninoff / Scriabin / Sousa / Czajkowski,"1947, 1928-79",1992,BMG - RCA,,,klasyka,classics,CD
1486,Vladimir Horowitz,Horowitz,various,,,Vladimir Horowitz,"The Historic Return; Carnagie Hall 1965, The 1966 Concerts",1965.66,1993,SONY,1,,klasyka,classics,CD
1487,Vladimir Horowitz,Horowitz,various,,,Vladimir Horowitz,"The Historic Return; Carnagie Hall 1965, The 1966 Concerts",1965.66,1993,SONY,2,,klasyka,classics,CD
1488,Vladimir Horowitz,Horowitz,various,,,Vladimir Horowitz,"The Historic Return; Carnagie Hall 1965, The 1966 Concerts",1965.66,1993,SONY,3,,klasyka,classics,CD
1489,Vladimir Horowitz,Horowitz,"Rachmaninov, Scriabin, Medtner",,,Vladimir Horowitz,Late Russian Romantics,1967-72,1993,SONY,,,klasyka,classics,CD
1490,Jordi Savall,Istanbul,Dimitrie Cantemir,Jordi Savall,Hesperion XXI,,Istanbul,2009,2009,AliaVox,,,klasyka,classics,CD
1491,Gidon Kremer,Kremer Gidon,Part / Glass / Martinov,Gidon Kremer,Kremerata Baltica,Gidon Kremer,Silencio (Part / Glass / Martinov),,2000,Nonesuch,,,klasyka,classics,CD
1492,Gidon Kremer,Kremer Gidon,various,Gidon Kremer,Kremerata Baltica,Gidon Kremer,Happy Birthday,,2002,Nonesuch,,,klasyka,classics,CD
1493,Witold Lutosławski,Lutosławski,Witold Lutosławski,,,Kronos Quartet,String Quartet,,1991,Elektra,,,klasyka,classics,CD
1494,Witold Lutosławski,Lutosławski,Witold Lutosławski,Witold Lutosławski,BBC Symphony Orchestra,Anne-Sophie Mutter,"Partita (A-S Mutter, Phillip Moll – piano), Chain 2 (A-S Mutter), Chain 3, Novelette",1988.92,1992,DG,,,klasyka,classics,CD
1495,Witold Lutosławski,Lutosławski,Witold Lutosławski,Witold Lutosławski,Orkiestra Filharmonii Narodowej,,"Ostatni koncert (I i IV Symfonia, Les espaces du sommeil, Łańcuch 3); Warszawska Jesień 1993",1993,,,,,klasyka,classics,CD
1496,Witold Lutosławski,Lutosławski,"Panufnik, Lutosławski, Szymański",Kazimierz Kord,OSFN,Ewa Pobłocka,Koncerty fortepianowe,,1998,CD Accord,,,klasyka,classics,CD
1497,Gustav Mahler,Mahler Gustav,Gustav Mahler,Leonard Bernstein,Concertgebouworkest Amsterdam,,Symphonie No.1,1986,1989,DG,,,klasyka,classics,CD
1498,Gustav Mahler,Mahler Gustav,Gustav Mahler,Otto Klemperer,Philharmonia Orchestra,Elisabeth Schwarzkopf,Symphonie No.4 G-dur,1962,1989,EMI,,,klasyka,classics,CD
1499,Gustav Mahler,Mahler Gustav,Gustav Mahler,Sir John Barbirolli,New Philharmonia Orchestra,,Symphonie No.5 cis-moll,1970,1998,EMI,,,klasyka,classics,CD
1500,Gustav Mahler,Mahler Gustav,Gustav Mahler,Bernard Haitink,Concertgebouw Orchestra,,Symphony No. 9,1970,2001,Philips,1,,klasyka,classics,CD
1501,Gustav Mahler,Mahler Gustav,Gustav Mahler,Bernard Haitink,Concertgebouw Orchestra,"Jessye Norman, John Shirley-Quirk","Symphony No. 9, Wunderhorn-Lieder",1970.77,2001,Philips,2,,klasyka,classics,CD
1502,Gustav Mahler,Mahler Gustav,Gustav Mahler,Riccardo Chailly,RSO Berlin,,Symphony No. 10,1998,2000,Decca,,,klasyka,classics,CD
1503,Gustav Mahler,Mahler Gustav,Gustav Mahler,Otto Klemperer,"Philharmonia Orchestra, New Philharmonia Orchestra","Christa Ludwig, Fritz Wunderlich",Das Lied von der Erde,1967,1998,EMI,,,klasyka,classics,CD
1504,Misha Maisky,Maisky Misha,various,,,Misha Maisky,The Artist’s Album,,1998,DG,,,klasyka,classics,CD
1505,Marek Tomaszewski i Wacek Kisielewski,Marek i Wacek,Marek Tomaszewski i Wacek Kisielewski,,,,duet fortepianowy,1968,2018,Polskie Nagrania,,,klasyka,classics,CD
1506,Felix Mendelssohn,Mendelssohn,Felix Mendelssohn,Kurt Masur,Gewandhausorchester Leipzig,,"Symphonien no.1 in C minor op.11, no.5 in D major op.107",1989,1997,Teldec,,,klasyka,classics,CD
1507,Felix Mendelssohn,Mendelssohn,Felix Mendelssohn,Nikolaus Harnoncourt,The Chamber Orchestra of Europe,,Ein Sommernachtsraum / Die erste Walpurgisnacht,,1993,Teldec,,,klasyka,classics,CD
1508,Yehudi Menuhin,Menuhin Yehudi,"Vivaldi, Bach, Mozart",Yehudi Menuhin,Bath Festival Orchestra,Yehudi Menuhin,koncerty,,,Selles,,,klasyka,classics,CD
1509,Yehudi Menuhin,Menuhin Yehudi,"Schumann, Dvorak",John Barbirolli,,"Yehudi Menuhin, George Enescu",,1938.36,2002,NAXOS,,,klasyka,classics,CD
1510,Yehudi Menuhin,Menuhin Yehudi,"Bach, Beethoven, Schoenberg",,,"Yehudi Menuhin, Glenn Gould",,,2002,SONY,,,klasyka,classics,CD
1511,Yehudi Menuhin,Menuhin Yehudi,various,,,Yehudi Menuhin,Sir Yehudi Menuhin: The Maestro,,1997,Disky Communications,1,rolf,klasyka,classics,CD
1512,Yehudi Menuhin,Menuhin Yehudi,various,,,Yehudi Menuhin,Sir Yehudi Menuhin: The Maestro,,1997,Disky Communications,2,rolf,klasyka,classics,CD
1513,Yehudi Menuhin,Menuhin Yehudi,various,,,Yehudi Menuhin,Sir Yehudi Menuhin: The Maestro,,1997,Disky Communications,3,rolf,klasyka,classics,CD
1514,Yehudi Menuhin,Menuhin Yehudi,"Bruch, Mendelssohn",Efrem Kurtz,Philharmonia Orchestra,Yehudi Menuhin,Violinkonzert No.1 g-moll op. 26 / Violinkonzert e-moll op.64,,1994,Delta Music,,rolf,klasyka,classics,CD
1515,Olivier Messiaen,Messiaen Olivier,Olivier Messiaen,,,Janusz Olejniczak / Marek Moś / Hakan Rosengren / Andrzej Bauer,Quator Pour La Fin Du Temps,,2001,CD Accord,,,klasyka,classics,CD
1516,Stanisław Moniuszko,Moniuszko Stanisław,Stanisław Moniuszko,Jan Krenz,Chór i Orkiestra PRiTV w Krakowie,,Straszny Dwór,1978,2002,Polskie Nagrania,1,rolf,klasyka,classics,CD
1517,Stanisław Moniuszko,Moniuszko Stanisław,Stanisław Moniuszko,Jan Krenz,Chór i Orkiestra PRiTV w Krakowie,,Straszny Dwór,1978,2002,Polskie Nagrania,2,rolf,klasyka,classics,CD
1518,Monteverdi,Monteverdi,Monteverdi,,,,Selva Morale – CD catalogue,,2000,Naive,,,klasyka,classics,CD
1519,Wolfgang Amadeusz Mozart,Mozart,Wolfgang Amadeusz Mozart,Herbert von Karajan,Berlin Philharmonic Orchestra,,Requiem d-moll KV 626,1962,,DG,,,klasyka,classics,CD
1520,Wolfgang Amadeusz Mozart,Mozart,Wolfgang Amadeusz Mozart,Jordi Savall,"La Capella Reial de Catalunya, Le Concert des Nations","Monserat Figueras, Caludia Schubert, Gerd Turk, Stephan Schreckenberger",Requiem d-moll KV 626,,2000,Naive,,,klasyka,classics,CD
1521,Wolfgang Amadeusz Mozart,Mozart,Wolfgang Amadeusz Mozart,Ton Koopman,"The Amsterdam Baroque Orchestra, Koor Van De Nederlandse Bachvereniging",,Requiem d-moll KV 626,,,Delta Lloyd,,rolf,klasyka,classics,CD
1522,Wolfgang Amadeusz Mozart,Mozart,Wolfgang Amadeusz Mozart,Christopher Hogwood,Chorus & Orchestra of the Academy of Ancient Music,,Requiem d-moll KV 626,1984,,Decca,,rolf,klasyka,classics,CD
1523,Wolfgang Amadeusz Mozart,Mozart,Wolfgang Amadeusz Mozart,George Szell,Cleveland Orchestra,,"Symphonies No.35 “Haffner”, No.40 & No.41 “Jupiter”",1961/64/68,1990,SONY,,,klasyka,classics,CD
1524,Wolfgang Amadeusz Mozart,Mozart,Wolfgang Amadeusz Mozart,,Orpheus Chamber Orchestra,,"Symphonies 40 G minor K.550, 33 B flat major K.319, 29 A major K.201(186a)",,1997,DG,,rolf,klasyka,classics,CD
1525,Wolfgang Amadeusz Mozart,Mozart,Wolfgang Amadeusz Mozart,Fritz Reiner,Chicago Symphony Orchestra,,"Symphonies 39 K.543, 40 K.550, Eine kleine Nachtmusik K.525",1954.55,1995,BMG - RCA,,rolf,klasyka,classics,CD
1526,Wolfgang Amadeusz Mozart,Mozart,Wolfgang Amadeusz Mozart,Herbert von Karajan,Berliner Philharmoniker,,"Symphonies 32 G-dur KV 318, 33 B-dur KV 319, 35 D-dur KV 385 “Haffner”, 36 C-dur KV 425 “Linzer”",1966.78,,DG,1,,klasyka,classics,CD
1527,Wolfgang Amadeusz Mozart,Mozart,Wolfgang Amadeusz Mozart,Herbert von Karajan,Berliner Philharmoniker,,"Symphonies 29 A-dur KV 201(186a), 38 D-dur KV 504 “Prager”, 39 Es-dur KV 543",1978,,DG,2,,klasyka,classics,CD
1528,Wolfgang Amadeusz Mozart,Mozart,Wolfgang Amadeusz Mozart,Herbert von Karajan,Berliner Philharmoniker,,"Symphonies 40 g-moll KV 550, 41 C-dur KV 551 „Jupiter”",1978,,DG,3,,klasyka,classics,CD
1529,Wolfgang Amadeusz Mozart,Mozart,Wolfgang Amadeusz Mozart,Marc Minkowski,Les Musiciens du Louvre,,"Symphonies 40 g-moll KV 550, 41 C-dur KV 551 „Jupiter”",,2006,DG,,,klasyka,classics,CD
1530,Wolfgang Amadeusz Mozart,Mozart,Wolfgang Amadeusz Mozart,Raymond Leppard,English Chamber Orchestra,"Cho-Liang Lin, Jaime Laredo","Sinfonia concertante in E-flat Major for Violin, Viola and Orchestra K.364, Concertone in C Major for Two Violins and Orchestra K.190",1991,1991,SONY,,rolf,klasyka,classics,CD
1531,Wolfgang Amadeusz Mozart,Mozart,Wolfgang Amadeusz Mozart,Pinchas Zukerman,Saint Paul Chamber Orchestra,,"Violin Concertos Nos.1 (B flat major, K.207), 2 (D major, K.211) & 3 (G major, K.216)",1982.83,1991,SONY,,,klasyka,classics,CD
1532,Wolfgang Amadeusz Mozart,Mozart,Wolfgang Amadeusz Mozart,Pinchas Zukerman,Saint Paul Chamber Orchestra,,"Violin Concertos Nos.4 (D major, K.218) & 5 (A major, K.219); Adagio (E major, K.261)& Rondo (C major, K.373) for Violin and Orchestra",1982.84,1991,SONY,,,klasyka,classics,CD
1533,Wolfgang Amadeusz Mozart,Mozart,W.A.Mozart / R.Strauss,Seji Ozawa,Mito Chamber Orchestra,Shienori Kudo/ Dag Jensen/ Fumiaki Miyamoto,"Flute Concerto No.1, Bassoon Concerto / Oboe Concerto",1999,2000,SONY,,rolf,klasyka,classics,CD
1534,Wolfgang Amadeusz Mozart,Mozart,Wolfgang Amadeusz Mozart,Herbert von Karajan,Philharmonia Orchestra / Dennis Brain Wind Ensemble,Dennis Brain / Colin Horsley,Horn Concertos Nos.1-4 / Quintet K.452,1954.55,1998,EMI,,rolf,klasyka,classics,CD
1535,Wolfgang Amadeusz Mozart,Mozart,Wolfgang Amadeusz Mozart,John Eliot Gardiner,The English Baroque Soloists,Malcolm Bilson,"Concertos for Piano and Orchestra no.20 in D minor, K.466, no.21 in C major, K.467",1987,,Polydor,,rolf,klasyka,classics,CD
1536,Wolfgang Amadeusz Mozart,Mozart,Wolfgang Amadeusz Mozart,,Wiener Volksopernorchester,"Paul Angerer, Alfred Brendel","Konzerten fur Klavier und Orchester Nr.22 (Es-Dur, KV 482) & 25 (C-Dur, KV 503)",,,alcatel,,,klasyka,classics,CD
1537,Wolfgang Amadeusz Mozart,Mozart,Wolfgang Amadeusz Mozart,Nikolaus Harnoncourt,Royal Concertgebouw Orchestra,Friedrich Gulda,Piano Concertos Nos. 23 & 26,1984,1997,Teldec,,,klasyka,classics,CD
1538,Wolfgang Amadeusz Mozart,Mozart,Wolfgang Amadeusz Mozart,"Erich Leinsdorf, George Szell",,,"Eine Kleine Nachtmusik (serenade no.13 in G major, K.525), Posthorn Serenade (no.9 in D major, K.320), Six German Dances (K.509), Minuet in C  major K.409",1969.75,1992,SONY,,,klasyka,classics,CD
1539,Wolfgang Amadeusz Mozart,Mozart,Mozart / Pachelbel / L.Mozart,sir Neville Marriner,Academy of St.Martin-in-the-Fields,,Eine Kleine Nachtmusik / Canon / „’Toy’ Symphony“,,,Philips,,KOPIA,klasyka,classics,CD
1540,Wolfgang Amadeusz Mozart,Mozart,Wolfgang Amadeusz Mozart,Nikolaus Harnoncourt,Concentus Musicus Wien,,"Eine Kleine Nachtmusik, Divertimento K.251, Ein Musikalicher Spass K.522",,1994,Teldec,,rolf,klasyka,classics,CD
1541,Wolfgang Amadeusz Mozart,Mozart,Wolfgang Amadeusz Mozart,Herbert von Karajan,"Wiener Philharmoniker, Chor der Wiener Staatsoper","Kunz, Seefried, London, Schwarzkopf, Jurinac",Le Nozze Di Figaro,1952,1990,EMI,1,,klasyka,classics,CD
1542,Wolfgang Amadeusz Mozart,Mozart,Wolfgang Amadeusz Mozart,Herbert von Karajan,"Wiener Philharmoniker, Chor der Wiener Staatsoper","Kunz, Seefried, London, Schwarzkopf, Jurinac",Le Nozze Di Figaro,1952,1990,EMI,2,,klasyka,classics,CD
1543,Wolfgang Amadeusz Mozart,Mozart,Wolfgang Amadeusz Mozart,Herbert von Karajan,"Wiener Philharmoniker, Chor der Wiener Staatsoper","Kunz, Seefried, London, Schwarzkopf, Jurinac",Le Nozze Di Figaro,1952,2005,EMI,1,digital remaster wydania 1990,klasyka,classics,CD
1544,Wolfgang Amadeusz Mozart,Mozart,Wolfgang Amadeusz Mozart,Herbert von Karajan,"Wiener Philharmoniker, Chor der Wiener Staatsoper","Kunz, Seefried, London, Schwarzkopf, Jurinac",Le Nozze Di Figaro,1952,2005,EMI,2,digital remaster wydania 1990,klasyka,classics,CD
1545,Wolfgang Amadeusz Mozart,Mozart,Wolfgang Amadeusz Mozart,Herbert von Karajan,Philharmonia Orchestra & Chorus,"Schwarzkopf , Merriman, Otto, Panerai, Simoneau, Bruscantini",Cosi fan tutte,1955,1999,EMI,1,,klasyka,classics,CD
1546,Wolfgang Amadeusz Mozart,Mozart,Wolfgang Amadeusz Mozart,Herbert von Karajan,Philharmonia Orchestra & Chorus,"Schwarzkopf , Merriman, Otto, Panerai, Simoneau, Bruscantini",Cosi fan tutte,1955,1999,EMI,2,,klasyka,classics,CD
1547,Wolfgang Amadeusz Mozart,Mozart,Wolfgang Amadeusz Mozart,Herbert von Karajan,Philharmonia Orchestra & Chorus,"Schwarzkopf , Merriman, Otto, Panerai, Simoneau, Bruscantini",Cosi fan tutte,1955,1999,EMI,3,,klasyka,classics,CD
1548,Wolfgang Amadeusz Mozart,Mozart,Wolfgang Amadeusz Mozart,Herbert von Karajan,"Wiener Philharmoniker, Singverein der Geselschaft der Musikfreunde in Wien","Dermota, Seefried, Kunz, Lipp, Weber, London",Die Zauberflote,1952,1999,EMI,1,,klasyka,classics,CD
1549,Wolfgang Amadeusz Mozart,Mozart,Wolfgang Amadeusz Mozart,Herbert von Karajan,"Wiener Philharmoniker, Singverein der Geselschaft der Musikfreunde in Wien","Dermota, Seefried, Kunz, Lipp, Weber, London",Die Zauberflote,1952,1999,EMI,2,,klasyka,classics,CD
1550,Wolfgang Amadeusz Mozart,Mozart,Wolfgang Amadeusz Mozart,Karl Bohm,Chorus & Orchestra of the Wiener Staatsoper,"London, della Casa, Jurinac, Seefried, Dermota, Kunz",Don Giovanni,1955,1998,BMG - RCA,1,,klasyka,classics,CD
1551,Wolfgang Amadeusz Mozart,Mozart,Wolfgang Amadeusz Mozart,Karl Bohm,Chorus & Orchestra of the Wiener Staatsoper,"London, della Casa, Jurinac, Seefried, Dermota, Kunz",Don Giovanni,1955,1998,BMG - RCA,2,,klasyka,classics,CD
1552,Wolfgang Amadeusz Mozart,Mozart,Wolfgang Amadeusz Mozart,Karl Bohm,Chorus & Orchestra of the Wiener Staatsoper,"London, della Casa, Jurinac, Seefried, Dermota, Kunz",Don Giovanni,1955,1998,BMG - RCA,3,,klasyka,classics,CD
1553,Modest Mussorgsky,Mussorgsky,Modest Mussorgsky,Christoph von Dohnanyi,Cleveland Orchestra,,PIctures at an Exhibition / Night on the Bare Mountain,1989,1992,Teldec,,rolf,klasyka,classics,CD
1554,Anne-Sophie Mutter,Mutter Anne-Sophie,various,Herbert von Karajan,Berliner Philharmoniker,Anne-Sophie Mutter,Die Gorssen Violinkonzerte,"1978,80,81,82",,DG,1,rolf,klasyka,classics,CD
1555,Anne-Sophie Mutter,Mutter Anne-Sophie,various,Herbert von Karajan,Berliner Philharmoniker,Anne-Sophie Mutter,Die Gorssen Violinkonzerte,"1978,80,81,82",,DG,2,rolf,klasyka,classics,CD
1556,Anne-Sophie Mutter,Mutter Anne-Sophie,various,Herbert von Karajan,Berliner Philharmoniker,Anne-Sophie Mutter,Die Gorssen Violinkonzerte,"1978,80,81,82",,DG,3,rolf,klasyka,classics,CD
1557,Anne-Sophie Mutter,Mutter Anne-Sophie,various,Herbert von Karajan,Berliner Philharmoniker,Anne-Sophie Mutter,Die Gorssen Violinkonzerte,"1978,80,81,82",,DG,4,rolf,klasyka,classics,CD
1558,Paweł Mykietyn,Mykietyn Paweł,Paweł Mykietyn,,,,Speechles Song,"1994, 2007, 2008",,Narodowy Instytut Audiowizualny,,,klasyka,classics,CD
1559,Michael Nyman,Nyman,Michael Nyman,,,Balanescu Quartet,String Quartets 1-3,,1991,Decca (Argo),,,klasyka,classics,CD
1560,David Oistrach,Oistrach,"Bach, Haendel, Vivaldi, Benda, Wieniawski, Sarasate",,,David & Igor Oistrach,różne,1957.62,,Polydor,,,klasyka,classics,CD
1561,,Opera goes to war!,various,,,,Opera goes to war!,,1990,EMI,,,klasyka,classics,CD
1562,Carl Orff,Orff Carl,Carl Orff,Riccardo Muti,Philharmonia Chorus & Orchestra,"Auger, Summers, van Kesteren",Carmina Burana,,1997,EMI,,Monika,klasyka,classics,CD
1563,Ignacy Jan Paderewski,Paderewski,"Beethoven, Liszt, Schubert, Chopin, Paderewski",,,I.J. Paderewski,I.J. Paderewski „Artysta i Polityk”,,,Selles,,,klasyka,classics,CD
1564,Niccolo Paganini,Paganini,Niccolo Paganini,,,Itzhak Perlman,24 Caprices,1972,2000,EMI,,,klasyka,classics,CD
1565,Andrzej Panufnik,Panufnik,Andrzej Panufnik,London Musici,Mark Stephenson,"Krzysztof Smietana – violin, Karen Jones – flute, Robert Thompson – bassoon",Violin Concerto / Hommage a Chopin / Bassoon Concerto,,1990,Conifer,,KOPIA,klasyka,classics,CD
1566,Arvo Part,Part Arvo,Arvo Part,Tonu Kaljuste,"Estonian Philharmonic, Chanber Choir",,Kanon Pokajanen,,1998,ECM,1,,klasyka,classics,CD
1567,Arvo Part,Part Arvo,Arvo Part,Tonu Kaljuste,"Estonian Philharmonic, Chanber Choir",,Kanon Pokajanen,,1998,ECM,2,,klasyka,classics,CD
1568,Arvo Part,Part Arvo,Arvo Part,,,,Tabula Rasa,,1995,Audiphile Classics,,,klasyka,classics,CD
1569,Luciano Pavarotti,Pavarotti,various,,,Luciano Pavarotti,różne,,2002,Fine Tune,,,klasyka,classics,CD
1570,Luciano Pavarotti,Pavarotti,various,,,Carreras/Domingo/Pavarotti,Favorite Arias by the World's Favorite Tenors,,1991,SONY,,rolf,klasyka,classics,CD
1571,Luciano Pavarotti,Pavarotti,various,Emerson Buckley,"Symphonic Orchestra of Emili Romagna ""Arturo Toscanini""",Luciano Pavarotti,Pavarotti In Concert,1985,,CBS,,rolf,klasyka,classics,CD
1572,Krzysztof Penderecki,Penderecki,Krzysztof Penderecki,Krzysztof Penderecki,,Anne-Sophie Mutter,„Metamorphosen“ + Bartok,,,,,KOPIA,klasyka,classics,CD
1573,Krzysztof Penderecki,Penderecki,Penderecki / Greenwood,Krzysztof Penderecki / Marek Mos,Aukso Orchestra,,Threnody for the Vicims of Hiroshima / Popcorn Superhet Receiver / Polymorphia / 48 Responses to Polymorphia,,2012,Nonesuch,,,klasyka,classics,CD
1574,Giovanni Battista Pergolesi,Pergolesi,Giovanni Battista Pergolesi,Christophe Rousset,Les Talens Lyriques,"Andreas Scholl, Barbara Bonney",Stabat Mater,,1999,Decca,,KOPIA,klasyka,classics,CD
1575,Giovanni Battista Pergolesi,Pergolesi,Giovanni Battista Pergolesi,Robert King,The King's Consort,"Gillian Fisher, Michael Chance",Stabat Mater,1987,1988,Hyperion Records,,rolf,klasyka,classics,CD
1576,Astor Piazolla,Piazolla,Astor Piazolla,,,"Emmanuel Ax, Pablo Ziegler",the tangos,1996,1996,SONY,,rolf,klasyka,classics,CD
1577,Zbigniew Preisner,Preisner,Zbigniew Preisner,Jacek Kasprzyk,Sinfonia Varsovia,Elżbieta Towarnicka,Requiem for my Friend,,1998,Erato Disques,,rolf,klasyka,classics,CD
1578,Zbigniew Preisner,Preisner,Zbigniew Preisner,,,Leszek Możdżer,10 łatwych utworów na fortepian,,1999,Pomaton EMI,,rolf,klasyka,classics,CD
1579,Sergei Prokofiev,Prokofiev,Prokofiev / Bartok,George Szell,Cleveland Orchestra,,Symphony no. 5 / Concerto for Orchestra,,1999,SONY,,,klasyka,classics,CD
1580,Sergei Prokofiev,Prokofiev,Sergei Prokofiev,Piero Coppola,London Symphony Orchestra,Sergei Prokofiev,"Piano Concerto 3, Visions Fugitives...",1932.35,2001,NAXOS,,,klasyka,classics,CD
1581,Giacomo Puccini,Puccini,Giacomo Puccini,James Levine,"Philharmonia Orchestra, Ambrosian Opera Chorus","Scotto, Domingo, Bruson",Tosca,1981,1997,EMI,1,,klasyka,classics,CD
1582,Giacomo Puccini,Puccini,Giacomo Puccini,James Levine,"Philharmonia Orchestra, Ambrosian Opera Chorus","Scotto, Domingo, Bruson",Tosca,1981,1997,EMI,2,,klasyka,classics,CD
1583,Giacomo Puccini,Puccini,Giacomo Puccini,Victor de Sabata,Coro & Orchestra del Teatro alla Scala di Milano,"Callas, di Stefano, Gobbi",Tosca,,2009,EMI,1,,klasyka,classics,CD
1584,Giacomo Puccini,Puccini,Giacomo Puccini,Victor de Sabata,Coro & Orchestra del Teatro alla Scala di Milano,"Callas, di Stefano, Gobbi",Tosca,,2009,EMI,2,,klasyka,classics,CD
1585,Sergei Rachmaninoff,Rachmaninoff,Sergei Rachmaninoff,Kurt Sanderling,Leningrader Philharmonie,,"Symphonie Nr. 2 e-moll, op.27",1956,,DG,,,klasyka,classics,CD
1586,Sergei Rachmaninoff,Rachmaninoff,Sergei Rachmaninoff,Kurt Sanderling,USSR RTV Large Symphony Orchestra,Sviatoslav Richter,Piano Concertos Nos.1 in F-sharp Minor op.1 & 2 in C Minor op.18 (Sviatoslav Richter Edition),1962.59,1995,BMG (Melodiya),,,klasyka,classics,CD
1587,Sergei Rachmaninoff,Rachmaninoff,Sergei Rachmaninoff,Leonard Bernstein / Seji Ozawa,New York Philharmonic,Philippe Entremont / Andre Watts,"Piano Concertos Nos. 2 in C minor Op.18, 3 in D minor Op.30",,1994,SONY,,rolf,klasyka,classics,CD
1588,Sergei Rachmaninoff,Rachmaninoff,Sergei Rachmaninoff,Antal Dorati,London Symphony Orchestra / Minneapolis Symphony Orchestra,Byron Janis,"Piano Concertos Nos. 3 in D minor Op.31, 2 in C minor Op.18",1961.6,1991,Philips,,rolf,klasyka,classics,CD
1589,Sergei Rachmaninoff,Rachmaninoff,Sergei Rachmaninoff,,,Beaux Arts Trio,The “Elegiac” Piano Trios,1986,,Philips,,,klasyka,classics,CD
1590,Sergei Rachmaninoff,Rachmaninoff,Sergei Rachmaninoff,,,"Vladimir Ashkenazy, Andre Previn",Music for two pianos,,1995,Decca,,rolf,klasyka,classics,CD
1591,Maurice Ravel,Ravel,Ravel / Debussy,,,"Vladimir Ashkenazy, Itzhak Perlman, Lynn Harell","Trio / Sonatas: for violin & piano, for cello & piano",,1995,Decca,,,klasyka,classics,CD
1592,Maurice Ravel,Ravel,Ravel / Musorgski,Herbert von Karajan,Berliner Philharmoniker,,Bolero/Obrazki z wystawy,,,Selles,,,klasyka,classics,CD
1593,Maurice Ravel,Ravel,Maurice Ravel,,,Samson Francois,różne,1967,1985,EMI,1,rolf,klasyka,classics,CD
1594,Maurice Ravel,Ravel,Maurice Ravel,,,Samson Francois,różne,1967,1985,EMI,2,rolf,klasyka,classics,CD
1595,Sviatoslav Richter,Richter,various,,,Sviatoslav Richter,The Poet,,1996,Philips,,,klasyka,classics,CD
1596,Sviatoslav Richter,Richter,various,,,Sviatoslav Richter,The Philosopher,,1996,Philips,,,klasyka,classics,CD
1597,Nikołaj Rimsky-Korsakov,Rimsky-Korsakov,Rimsky-Korsakov / Czajkowski,Herbert von Karajan,Berliner Philharmoniker,,"Szecherezada op.35 / Capriccio italien op.45, Ouverture solenne “1812” op.49",1967,,DG,,,klasyka,classics,CD
1598,Nikołaj Rimsky-Korsakov,Rimsky-Korsakov,Rimsky-Korsakov / Stravinsky,Pierre Monteux,London Symphony Orchestra / Orchestre de la Societe des Concerts du Conservatoire,,"Scheherezade op.35 / L'Oiseau de Feu, Suite (1919)",1959,1999,Decca,,rolf,klasyka,classics,CD
1599,Gioacchino Rossini,Rossini,Gioacchino Rossini,Piero Bellugi,"Chor der Staatsoper Berlin, Randfunk-sinfonieorchester Berlin","Casoni, Benelli, Bruscantini, Mariotti",La Cenerentola (Cindrella),1987,,Acanta,1,,klasyka,classics,CD
1600,Gioacchino Rossini,Rossini,Gioacchino Rossini,Piero Bellugi,"Chor der Staatsoper Berlin, Randfunk-sinfonieorchester Berlin","Casoni, Benelli, Bruscantini, Mariotti",La Cenerentola (Cindrella),1987,,Acanta,2,,klasyka,classics,CD
1601,Gioacchino Rossini,Rossini,Gioacchino Rossini,Gabrielle Ferro,Chorus and Orchestra of the Welsh National Opera,Samuel Ramey,Arias,,1991,Teldec,,rolf,klasyka,classics,CD
1602,Gioacchino Rossini,Rossini,Rossini / Donizetti,,,I Solisti Italiani,6 Sonatas for Strings / String Quartets 3&5,,1987,Nippon,1,rolf,klasyka,classics,CD
1603,Gioacchino Rossini,Rossini,Rossini / Donizetti,,,I Solisti Italiani,6 Sonatas for Strings / String Quartets 3&5,,1987,Nippon,1,rolf,klasyka,classics,CD
1604,Mstislav Rostropovitch,Rostropovitch,"Tishchenko, Khachaturian…",,,Mstislav Rostropovitch,The Russian Years,,1997,EMI,1,,klasyka,classics,CD
1605,Mstislav Rostropovitch,Rostropovitch,"Tishchenko, Khachaturian…",,,Mstislav Rostropovitch,The Russian Years,,1997,EMI,2,,klasyka,classics,CD
1606,Mstislav Rostropovitch,Rostropovitch,"Szostakowicz, Kabalewski…",,,Mstislav Rostropovitch,The Russian Years,,1997,EMI,1,,klasyka,classics,CD
1607,Mstislav Rostropovitch,Rostropovitch,"Szostakowicz, Kabalewski…",,,Mstislav Rostropovitch,The Russian Years,,1997,EMI,2,,klasyka,classics,CD
1608,Jordi Savall,Savall Jordi,various,Jordi Savall,La Capella Reial de Catalunya,Monserat Figueras,El Cant De La Sibil-la – Valencia 1400 – 1560,,1999,AliaVox,,,klasyka,classics,CD
1609,Jordi Savall,Savall Jordi,various,Jordi Savall,Hesperion XXI,Monserat Figueras,Diaspora Sefardi – Romances & Musica Instrumental ,,1999,AliaVox,1,,klasyka,classics,CD
1610,Jordi Savall,Savall Jordi,various,Jordi Savall,Hesperion XXI,Monserat Figueras,Diaspora Sefardi – Romances & Musica Instrumental ,,1999,AliaVox,2,,klasyka,classics,CD
1611,Jordi Savall,Savall Jordi,various,Jordi Savall,Hesperion XXI,,Ostinato,,2001,AliaVox,,,klasyka,classics,CD
1612,Jordi Savall,Savall Jordi,various,Jordi Savall,"Hesperion XXI, La Capella Reial de Catalunya",Monserat Figueras,Harmonie Universelle,,2001,AliaVox,,rolf,klasyka,classics,CD
1613,Jordi Savall,Savall Jordi,Samuel Scheidt,Jordi Savall,Hesperion XXI,,Ludi Musici,,2002,Naive,,rolf,klasyka,classics,CD
1614,Jordi Savall,Savall Jordi,Fernando Sor,,,"Monserat Figueras, Jose Miguel Moreno","Ariette italiane, Seguidillas & Variaciones",1986,1999,Naive,,rolf,klasyka,classics,CD
1615,Franz Schubert,Schubert,Franz Schubert,Daniel Barenboim,Berliner Philharmoniker,,"Symphony no.2 D.125, Symphony no.8 D.759",,1985,CBS,,rolf,klasyka,classics,CD
1616,Franz Schubert,Schubert,Schubert / Mozart,Nikolaus Harnoncourt,Wiener Symphoniker / Royal Concertgebouw,,"Symphony no. 8 in B Minor, D. 759, “Die Zauberharfe” overture D. 644, “Rosamunde” ballet music D. 797 / “Lucio Silla” overture K. 135",1985,1997,Teldec,,,klasyka,classics,CD
1617,Franz Schubert,Schubert,Franz Schubert,,,Camerata Quartet,"string quartets: in D minor (D 810) “Der Tod und das Madchen”, in C minor (D 703) „Quartettsatz“",,1995,DUX,,,klasyka,classics,CD
1618,Franz Schubert,Schubert,Franz Schubert / Robert Schumann,,,"Borodin Quartet, Sviatoslav Richter",Der Tod und das Madchen / Piano Quintet,,1997,Teldec,,rolf,klasyka,classics,CD
1619,Franz Schubert,Schubert,Franz Schubert,,,"Dietrich Fischer-Dieskau, Gerald Moore",Die Schone Mullerin,1962,1998,EMI,,rolf,klasyka,classics,CD
1620,Franz Schubert,Schubert,Franz Schubert,,,"Dietrich Fischer-Dieskau, Gerald Moore",Lieder,1969,,DG,,rolf,klasyka,classics,CD
1621,Franz Schubert,Schubert,Franz Schubert,,,Sviatoslav Richter,"Piano Sonatas nos. 16 in A Minor op.42 D845, 17 in D Major op.53 D 850 (Sviatoslav Richter Edition)",1957.58,1998,BMG (Melodiya),,,klasyka,classics,CD
1622,Robert Schumann,Schumann,Schumann / Furtwangler,Wilhelm Furtwangler,Berliner Philharmoniker,,Symphonie No. 4 d-moll op.120 / Symphonie No. 2 e-moll,1952.53,,DG,1,,klasyka,classics,CD
1623,Robert Schumann,Schumann,Schumann / Furtwangler,Wilhelm Furtwangler,Berliner Philharmoniker,,Symphonie No. 4 d-moll op.120 / Symphonie No. 2 e-moll,1952.53,,DG,2,,klasyka,classics,CD
1624,Elisabeth Schwarzkopf,Schwartzkopf,various,,,Elisabeth Schwarzkopf,Airs D’Operas Romantiques,1956.58,1988,EMI,,,klasyka,classics,CD
1625,Jean Sibelius,Sibelius,Jean Sibelius,Andre Previn,Staatskapelle Dresden,,"Violin Concerto (+Serenades, Humoresque)",,1995,DG,,KOPIA,klasyka,classics,CD
1626,Bedrich Smetana,Smetana,Bedrich Smetana,Stanislav Gorkovenko,St. Petersburg RTV Orchestra,,Ma vlast,,,HDC,,,klasyka,classics,CD
1627,Isaac Stern,Stern,Bartok / Webern,,,"Issac Stern, Alexander Zakin, Charles Rosen",Violin Sonatas Nos. 1 & 2 / 4 pieces Op. 7,,1996,SONY,,,klasyka,classics,CD
1628,Leopold Stokowski,Stokowski,Rimsky-Korsakov,Leopold Stokowski,Roya Philharmonic Orchestra / Chicago Symphony Orchestra,Erich Gruenberg,"Scheherezade op.35, Russian Eastern Overture op.36",,1997,BMG - RCA,,,klasyka,classics,CD
1629,Johann Strauss,Strauss Johann,Johann Strauss,Nikolaus Harnoncourt,Berliner Philharmoniker,,Johann Strauss in Berlin,,1999,Teldec,,,klasyka,classics,CD
1630,Richard Strauss,Strauss Richard,Richard Strauss,George Szell,,Elisabeth Schwarzkopf,"Vier letzte Lieder, 12 Lieder",1966.69,1997,EMI,,,klasyka,classics,CD
1631,Richard Strauss,Strauss Richard,Richard Strauss,Karl Bohm,Berliner Philharmoniker,Michel Schwalbe (violin),Also Sprach Zarathustra op.30,1958,1999,DG-Polydor,,,klasyka,classics,CD
1632,Richard Strauss,Strauss Richard,Richard Strauss,Jeffrey Tate,"Orchestra & Chorus of the Royal Opera House, Covent Garden",Kiri Te Kanawa,Arabella,,1987,Decca,1,rolf,klasyka,classics,CD
1633,Richard Strauss,Strauss Richard,Richard Strauss,Jeffrey Tate,"Orchestra & Chorus of the Royal Opera House, Covent Garden",Kiri Te Kanawa,Arabella,,1987,Decca,2,rolf,klasyka,classics,CD
1634,Richard Strauss,Strauss Richard,Richard Strauss,Jeffrey Tate,"Orchestra & Chorus of the Royal Opera House, Covent Garden",Kiri Te Kanawa,Arabella,,1987,Decca,3,rolf,klasyka,classics,CD
1635,Igor Strawiński,Strawiński,Igor Strawiński,Vladimir Ashkenazy,Deutsches Symphonie-Orchester Berlin,,Le Sacre du printemps; Les Noces,,1995,Decca,,,klasyka,classics,CD
1636,Igor Strawiński,Strawiński,Igor Strawiński,Igor Strawiński,Columbia Symphony Orchestra,,Le Sacre du printemps; Pulcinella,,,,,KOPIA,klasyka,classics,CD
1637,Igor Strawiński,Strawiński,Igor Strawiński,Pierre Boulez,The Cleveland Orchestra / Chicago Symphony Orchestra,,Le Sacre du printemps / the Firebird,,1993,DG,,rolf,klasyka,classics,CD
1638,Igor Strawiński,Strawiński,Igor Strawiński,,Orpheus Chamber Orchestra,,Shadow Dances,,2000,DG,,,klasyka,classics,CD
1639,Dimitri Szostakowicz,Szostakowicz,Dimitri Szostakowicz,Mstislav Rostropovich,National Symphony Orchestra,,Symphonies Nos. 1 f-moll OP.10 & 9 Es-dur op.70,1994,1997,Teldec,1,,klasyka,classics,CD
1640,Dimitri Szostakowicz,Szostakowicz,Dimitri Szostakowicz,Mstislav Rostropovich,"London Symphony Orchestra, London Voices",Terry Edwards,Symphonies Nos. 2 H-dur op.14 & 3 Es-dur op.20,1994,1997,Teldec,2,,klasyka,classics,CD
1641,Dimitri Szostakowicz,Szostakowicz,Dimitri Szostakowicz,Mstislav Rostropovich,National Symphony Orchestra,,Symphony No. 4 c-moll op.43,1992,1997,Teldec,3,,klasyka,classics,CD
1642,Dimitri Szostakowicz,Szostakowicz,Dimitri Szostakowicz,Mstislav Rostropovich,National Symphony Orchestra,,Symphony No. 5 d-moll op.47,1995,1997,Teldec,4,,klasyka,classics,CD
1643,Dimitri Szostakowicz,Szostakowicz,Dimitri Szostakowicz,Mstislav Rostropovich,"National Symphony Orchestra, London Symphony Orchestra",,Symphonies Nos. 6 h-moll op.54 & 12 d-moll op.112,1997,1997,Teldec,5,,klasyka,classics,CD
1644,Dimitri Szostakowicz,Szostakowicz,Dimitri Szostakowicz,Mstislav Rostropovich,National Symphony Orchestra,,Symphony No. 7 C-dur op.60 “Leningrad”,1991,1997,Teldec,6,,klasyka,classics,CD
1645,Dimitri Szostakowicz,Szostakowicz,Dimitri Szostakowicz,Mstislav Rostropovich,National Symphony Orchestra,,Symphony No. 8 c-moll op.65,1992,1997,Teldec,7,,klasyka,classics,CD
1646,Dimitri Szostakowicz,Szostakowicz,Dimitri Szostakowicz,Mstislav Rostropovich,National Symphony Orchestra,,"Symphony No. 10 e-moll, op.93",1991,1997,Teldec,8,,klasyka,classics,CD
1647,Dimitri Szostakowicz,Szostakowicz,Dimitri Szostakowicz,Mstislav Rostropovich,National Symphony Orchestra,,Symphony No. 11g-moll op. 103 ”The Year 1905”,1993,1997,Teldec,9,,klasyka,classics,CD
1648,Dimitri Szostakowicz,Szostakowicz,Dimitri Szostakowicz,Mstislav Rostropovich,"National Symphony Orchestra, Men of the Choral Arts Society of Washington","Nicola Ghiuselev, Norman Scribner",Symphony No. 13 b-moll op.113 “Babi Yar”,1989,1997,Teldec,10,,klasyka,classics,CD
1649,Dimitri Szostakowicz,Szostakowicz,Dimitri Szostakowicz,Mstislav Rostropovich,Members of the Academic Symphony Orchestra Moscow,"Galina Vishnevskaya, Mark Reshetin",Symphony No. 14 op. 135,1973,1997,Teldec,11,,klasyka,classics,CD
1650,Dimitri Szostakowicz,Szostakowicz,Dimitri Szostakowicz,Mstislav Rostropovich,National Symphony Orchestra,,Symphony No. 15 A-dur op.141,1991,1997,Teldec,12,,klasyka,classics,CD
1651,Dimitri Szostakowicz,Szostakowicz,Dimitri Szostakowicz,Alexander Rahbari,"BRT Philharmonic Orchestra, Brussels",,"Symphonies No.5 Op.47, No.9 Op.70",1990,1991,NAXOS,,rolf,klasyka,classics,CD
1652,Dimitri Szostakowicz,Szostakowicz,Dimitri Szostakowicz,Herbert von Karajan,Berliner Philharmoniker,,"Symphony No. 10 e-moll, op.93",1982,,DG,,,klasyka,classics,CD
1653,Dimitri Szostakowicz,Szostakowicz,Dimitri Szostakowicz,,,Sviatoslav Richter / Borodin Quartet,"String Quartets Nos.1, 2 & 4",1979.83,1997,BMG (Melodiya),1,,klasyka,classics,CD
1654,Dimitri Szostakowicz,Szostakowicz,Dimitri Szostakowicz,,,Sviatoslav Richter / Borodin Quartet / Prokofiev Quartet,"String Quartet No.3, Piano Quintet, Two Pieces For String Octet",1967.84,1997,BMG (Melodiya),2,,klasyka,classics,CD
1655,Dimitri Szostakowicz,Szostakowicz,Dimitri Szostakowicz,,,Sviatoslav Richter / Borodin Quartet,"String Quartets Nos.5, 6 & 7",1982.84,1997,BMG (Melodiya),3,,klasyka,classics,CD
1656,Dimitri Szostakowicz,Szostakowicz,Dimitri Szostakowicz,,,Sviatoslav Richter / Borodin Quartet,"String Quartets Nos.8, 9 & 10",1982.84,1997,BMG (Melodiya),4,,klasyka,classics,CD
1657,Dimitri Szostakowicz,Szostakowicz,Dimitri Szostakowicz,,,Sviatoslav Richter / Borodin Quartet,"String Quartets Nos.11, 12 & 13",1982,1997,BMG (Melodiya),5,,klasyka,classics,CD
1658,Dimitri Szostakowicz,Szostakowicz,Dimitri Szostakowicz,,,Sviatoslav Richter / Borodin Quartet,String Quartets Nos.14 & 15,1979.82,1997,BMG (Melodiya),6,,klasyka,classics,CD
1659,Dimitri Szostakowicz,Szostakowicz,Dimitri Szostakowicz,Andre Cluytens,Orchestre National de la Radiodiffusion Francaise,"Dimitri Szostakowicz – piano, Ludovic Vaillant - trumpet","Concerto for piano, trumpet and strings c-moll op.35; Piano Concerto No.2 F-dur op.102, Three Fantastic Dances Op.5, Preludes and Fuges Op.87",1958.59,1993,EMI,,,klasyka,classics,CD
1660,Dimitri Szostakowicz,Szostakowicz,Dimitri Szostakowicz,Yuli Turovsky,I Musici De Montreal,Dimitri (junior) i Maxim Szostakowicz,"Concerto for piano, trumpet and strings c-moll op.35; Chamber Symphony for strings c-moll op.110a",,1985,Chandos,,,klasyka,classics,CD
1661,Dimitri Szostakowicz,Szostakowicz,Dimitri Szostakowicz,Yuli Turovsky,I Musici De Montreal,Dimitri (junior) i Maxim Szostakowicz,Piano Concerto No.2 F-dur op.102ł Symphony for strings As-dur op.118a,,1986,Chandos,,,klasyka,classics,CD
1662,Dimitri Szostakowicz,Szostakowicz,Dimitri Szostakowicz,Victor Desarzens,Vienna State Opera Orchestra,"Eugene List, Franz Wesenigk, Georg-Ludwig Jochum / Trio Bolzano","Concerto for Piano & Trumpet No.1, Piano Concerto No.2 / Trio No.2",,1996,MCA,,,klasyka,classics,CD
1663,Dimitri Szostakowicz,Szostakowicz,Dimitri Szostakowicz,Maxim Szostakowicz,Prague Symphony Orchestra,Jiri Barta - cello,Cello Concertos Nos.1 Es-dur op.107 & 2 op.126 (Szostakowicz conducts Szostakowicz),1996.99,1999,Supraphon,,,klasyka,classics,CD
1664,Dimitri Szostakowicz,Szostakowicz,Dimitri Szostakowicz,Michael Tilson Thomas,London Symphony Orchestra,Misha Maisky,Cello Concertos Nos.1 Es-dur op.107 & 2 op.126,,,Deutsche Grammophon,,KOPIA,klasyka,classics,CD
1665,Dimitri Szostakowicz,Szostakowicz,Dimitri Szostakowicz,Dimitri Mitropoulos / Eugene Ormandy,New York Philharmonic / Philadelphia Orchestra,David Oistrakh / Mstislav Rostropovich,Violin Concerto No.1 a-moll op.99 / Cello Concerto No.1 Es-dur op.107,"1956,60",1998,SONY,,,klasyka,classics,CD
1666,Dimitri Szostakowicz,Szostakowicz,Dimitri Szostakowicz,Riccardo Chailly,Royal Concertgebouw Orchestra,,Jazz Music,,1993,Decca,,,klasyka,classics,CD
1667,Dimitri Szostakowicz,Szostakowicz,Dimitri Szostakowicz,Gennady Rozhdestvensky,USSR Ministry of Culture Symphony Orchestra,,Orchestral Works,1980.91,1998,BMG (Melodiya),1,KOPIA,klasyka,classics,CD
1668,Dimitri Szostakowicz,Szostakowicz,Dimitri Szostakowicz,Gennady Rozhdestvensky,USSR Ministry of Culture Symphony Orchestra,,Orchestral Works,1980.91,1998,BMG (Melodiya),2,KOPIA,klasyka,classics,CD
1669,Dimitri Szostakowicz,Szostakowicz,Dimitri Szostakowicz,Mstislav Rostropovich,"Ambrosian Opera Chorus, London Philharmonic Orchestra","Galina Vishnevskaya, Nicolai Gedda, Dimitri Petkov",Lady Macbeth Of Mtsensk,,1990,EMI,1,,klasyka,classics,CD
1670,Dimitri Szostakowicz,Szostakowicz,Dimitri Szostakowicz,Mstislav Rostropovich,"Ambrosian Opera Chorus, London Philharmonic Orchestra","Galina Vishnevskaya, Nicolai Gedda, Dimitri Petkov",Lady Macbeth Of Mtsensk,,1990,EMI,2,,klasyka,classics,CD
1671,Dimitri Szostakowicz,Szostakowicz,"Szostakowicz, Czajkowski",,,"Martha Argerich, Gidon Kremer, Misha Maisky",Trios no.2 e-moll op.67 / a-moll op.50,,1999,Deutsche Grammophon,,,klasyka,classics,CD
1672,,Tradition,Tradition,,,,Jewish Songs From Russia,,1995,KOCH,,,klasyka,classics,CD
1673,Giuseppe Verdi,Verdi,Giuseppe Verdi,Herbert von Karajan,"Wiener Singverein, Berliner Philharmoniker",,Requiem,1972,,Deutsche Grammophon,1,,klasyka,classics,CD
1674,Giuseppe Verdi,Verdi,Giuseppe Verdi,Herbert von Karajan,"Wiener Singverein, Berliner Philharmoniker",,Requiem + Bruckner – Te Deum,1972.76,,Deutsche Grammophon,2,,klasyka,classics,CD
1675,Giuseppe Verdi,Verdi,Giuseppe Verdi,Carlo Maria Giulini,Philharmonia Chorus & Orchestra,"Schwarzkopf, Ludwig / Janet Baker",Requiem / Quattro Pezzi Sacri,1964,1997,EMI,1,,klasyka,classics,CD
1676,Giuseppe Verdi,Verdi,Giuseppe Verdi,Carlo Maria Giulini,Philharmonia Chorus & Orchestra,"Schwarzkopf, Ludwig / Janet Baker",Requiem / Quattro Pezzi Sacri,1964,1997,EMI,2,,klasyka,classics,CD
1677,Giuseppe Verdi,Verdi,Giuseppe Verdi,Carlo Maria Giulini,,Maria Callas,La Traviata,1955,1997,EMI,1,,klasyka,classics,CD
1678,Giuseppe Verdi,Verdi,Giuseppe Verdi,Carlo Maria Giulini,,Maria Callas,La Traviata,1955,1997,EMI,2,,klasyka,classics,CD
1679,Giuseppe Verdi,Verdi,Giuseppe Verdi,Riccardo Muti,Orchestro e Coro Del Teatro Alla Scala,,Rigoletto ,1988,1989,EMI,1,KOPIA,klasyka,classics,CD
1680,Giuseppe Verdi,Verdi,Giuseppe Verdi,Riccardo Muti,Orchestro e Coro Del Teatro Alla Scala,,Rigoletto ,1988,1989,EMI,2,KOPIA,klasyka,classics,CD
1681,Giuseppe Verdi,Verdi,Giuseppe Verdi,Oliviero de Fabritiis,"Orchestra and Chorus of the Palacio de las Bellas Artes, Mexico City",Maria Callas,Aida,1951,,Membran Music,1,,klasyka,classics,CD
1682,Giuseppe Verdi,Verdi,Giuseppe Verdi,Oliviero de Fabritiis,"Orchestra and Chorus of the Palacio de las Bellas Artes, Mexico City",Maria Callas,Aida,1951,,Membran Music,2,,klasyka,classics,CD
1683,Giuseppe Verdi,Verdi,Giuseppe Verdi,Herbert von Karajan,Philharmonia Orchestra & Chorus,,Falstaff,1957,1999,EMI,1,,klasyka,classics,CD
1684,Giuseppe Verdi,Verdi,Giuseppe Verdi,Herbert von Karajan,Philharmonia Orchestra & Chorus,,Falstaff,1957,1999,EMI,2,,klasyka,classics,CD
1685,Giuseppe Verdi,Verdi,Giuseppe Verdi,Carlo Maria Giulini,"Ambrosian Opera Chorus; Orchestra of the Royal Opera House, Covent Garden","Placido Domingo, Monserat Caballe",Don Carlos,1971,1992,EMI,1,,klasyka,classics,CD
1686,Giuseppe Verdi,Verdi,Giuseppe Verdi,Carlo Maria Giulini,"Ambrosian Opera Chorus; Orchestra of the Royal Opera House, Covent Garden","Placido Domingo, Monserat Caballe",Don Carlos,1971,1992,EMI,2,,klasyka,classics,CD
1687,Giuseppe Verdi,Verdi,Giuseppe Verdi,Carlo Maria Giulini,"Ambrosian Opera Chorus; Orchestra of the Royal Opera House, Covent Garden","Placido Domingo, Monserat Caballe",Don Carlos,1971,1992,EMI,3,,klasyka,classics,CD
1688,"Galina Vishnievskaya, Mstislav Rostropovich ",Vishnievskaya,"Mussorgsky, Szostakowicz, Prokofiev",,,"Galina Vishnievskaya, Mstislav Rostropovich ","Mussorgsky, Szostakowicz, Prokofiev",1963.67,1998,BMG (Melodiya),,,klasyka,classics,CD
1689,Antonio Vivaldi,Vivaldi Antonio,Antonio Vivaldi,Nigel Kennedy,Berliner Philharmoniker members,Nigel Kennedy,różne,,2000,EMI,,,klasyka,classics,CD
1690,Antonio Vivaldi,Vivaldi Antonio,"Antonio Vivaldi, Astor Piazzola",Gidon Kremer,Kremerata Baltica,,Eight Seasons,,,Nonesuch,,,klasyka,classics,CD
1691,Antonio Vivaldi,Vivaldi Antonio,Antonio Vivaldi,Nigel Kennedy,English Chamber Orchestra,Nigel Kennedy,The Four Seasons,1989,1997,EMI,,rolf,klasyka,classics,CD
1692,Antonio Vivaldi,Vivaldi Antonio,Antonio Vivaldi,Marcin Nałecz-Niesiołowski,,Katarzyna Duda,Cztery Pory Roku,,2004,Atom Group,,,klasyka,classics,CD
1693,Antonio Vivaldi,Vivaldi Antonio,Antonio Vivaldi,"Christopher Hogwood, Simon Preston, Philip Picket","The Choir of Christ Church Cathedral, Oxford; The Academy of Ancient Music, New London Consort",,Gloria / Nulla in mundo pax sincera / Nisi Dominus / Cantatas,"1976,78,92",1997,Decca,1,rolf,klasyka,classics,CD
1694,Antonio Vivaldi,Vivaldi Antonio,Antonio Vivaldi,"Christopher Hogwood, Simon Preston, Philip Picket","The Choir of Christ Church Cathedral, Oxford; The Academy of Ancient Music, New London Consort",,Gloria / Nulla in mundo pax sincera / Nisi Dominus / Cantatas,"1976,78,92",1997,Decca,2,rolf,klasyka,classics,CD
1695,Antonio Vivaldi,Vivaldi Antonio,Antonio Vivaldi,,,,Gloria / Stabat Mater / Motets,,1991,EMI,,rolf,klasyka,classics,CD
1696,Antonio Vivaldi,Vivaldi Antonio,Antonio Vivaldi / Pergolese,,,,Stabat Mater,,1996,Warner,,rolf,klasyka,classics,CD
1697,Antonio Vivaldi,Vivaldi Antonio,Antonio Vivaldi,Trevor Pinnock,The English Concert,Michael Chance,Stabat Mater,,1997,Deutsche Grammophon,,,klasyka,classics,CD
1698,Arcadi Volodos,Volodos Arkadi,various,,,Arcadi Volodos,Piano Transcriptions,1996,1997,SONY,,,klasyka,classics,CD
1699,Richard Wagner,Wagner,Richard Wagner,James Levine,The Metropolitan Opera Orchestra,"Hildegarde Behrens, Jessye Norman, Christa Ludwig",Die Walkure,,1988,Polydor,1,rolf,klasyka,classics,CD
1700,Richard Wagner,Wagner,Richard Wagner,James Levine,The Metropolitan Opera Orchestra,"Hildegarde Behrens, Jessye Norman, Christa Ludwig",Die Walkure,,1988,Polydor,2,rolf,klasyka,classics,CD
1701,Richard Wagner,Wagner,Richard Wagner,James Levine,The Metropolitan Opera Orchestra,"Hildegarde Behrens, Jessye Norman, Christa Ludwig",Die Walkure,,1988,Polydor,3,rolf,klasyka,classics,CD
1702,Richard Wagner,Wagner,Richard Wagner,James Levine,The Metropolitan Opera Orchestra,"Hildegarde Behrens, Jessye Norman, Christa Ludwig",Die Walkure,,1988,Polydor,4,rolf,klasyka,classics,CD
1703,Anton Webern,Webern,Anton Webern,Herbert von Karajan,Berliner Philharmoniker,,Passacaglia for Orchestra op.1 / 5 Satze op.5 / 6 Stucke op.6 / Symphon op.21,,1974,Deutsche Grammophon,,,klasyka,classics,CD
1704,Henryk Wieniawski,Wieniawski,Wieniawski – ,Seiji Ozawa,London Philharmonic,Perlman / Samuel Sanders,różne drobne oraz dwa koncerty,1973-95,1995,EMI,,,klasyka,classics,CD
1705,Wanda Wiłkomirska,Wiłkomirska Wanda,"Moniuszko, Szymanowski, Lutosławski",Witold Rowicki,OSFN,Wanda Wiłkomirska,"The 1st Concert in the Rebuilt Hall: Moniuszko, Szymanowski, Lutosławski",1955,2015,Warner,,,klasyka,classics,CD
1706,Wanda Wiłkomirska,Wiłkomirska Wanda,"Szymanowski, Karłowicz",Witold Rowicki,OSFN,Wanda Wiłkomirska,"Violin Concertos – Szymanowski, Karłowicz",1963.61,1991,Polskie Nagrania,,,klasyka,classics,CD
1707,Yo-Yo Ma,Yo-Yo Ma,various,,,"Yo-Yo Ma, Bobby McFerrin",Hush,,1992,SONY,,,klasyka,classics,CD
1708,,,,,,,,,,,,,,,CD
